[{"model": "admin.logentry", "pk": 1, "fields": {"action_time": "2024-05-21T18:07:24.585Z", "user": 1, "content_type": 22, "object_id": "2", "object_repr": "component 2", "action_flag": 1, "change_message": "[{\"added\": {}}]"}}, {"model": "admin.logentry", "pk": 2, "fields": {"action_time": "2024-05-21T18:07:54.905Z", "user": 1, "content_type": 22, "object_id": "3", "object_repr": "component 3", "action_flag": 1, "change_message": "[{\"added\": {}}]"}}, {"model": "admin.logentry", "pk": 3, "fields": {"action_time": "2024-05-21T18:08:33.533Z", "user": 1, "content_type": 26, "object_id": "1", "object_repr": "Supplier one", "action_flag": 1, "change_message": "[{\"added\": {}}]"}}, {"model": "admin.logentry", "pk": 4, "fields": {"action_time": "2024-05-21T18:09:00.599Z", "user": 1, "content_type": 10, "object_id": "2", "object_repr": "Product 01", "action_flag": 1, "change_message": "[{\"added\": {}}]"}}, {"model": "admin.logentry", "pk": 5, "fields": {"action_time": "2024-05-21T18:09:15.762Z", "user": 1, "content_type": 10, "object_id": "3", "object_repr": "Product 02", "action_flag": 1, "change_message": "[{\"added\": {}}]"}}, {"model": "admin.logentry", "pk": 6, "fields": {"action_time": "2024-05-21T18:10:16.226Z", "user": 1, "content_type": 9, "object_id": "1", "object_repr": "Customer one", "action_flag": 1, "change_message": "[{\"added\": {}}]"}}, {"model": "admin.logentry", "pk": 7, "fields": {"action_time": "2024-05-22T15:52:51.628Z", "user": 1, "content_type": 24, "object_id": "1", "object_repr": "PurchaseRequisition object (1)", "action_flag": 1, "change_message": "[{\"added\": {}}]"}}, {"model": "admin.logentry", "pk": 8, "fields": {"action_time": "2024-05-22T15:53:13.005Z", "user": 1, "content_type": 23, "object_id": "1", "object_repr": "Purchase Order #1 - component 1 - 100 units", "action_flag": 1, "change_message": "[{\"added\": {}}]"}}, {"model": "admin.logentry", "pk": 9, "fields": {"action_time": "2024-05-24T06:42:07.814Z", "user": 1, "content_type": 3, "object_id": "1", "object_repr": "Salesperson", "action_flag": 1, "change_message": "[{\"added\": {}}]"}}, {"model": "admin.logentry", "pk": 10, "fields": {"action_time": "2024-05-24T06:43:17.864Z", "user": 1, "content_type": 4, "object_id": "2", "object_repr": "ruchira", "action_flag": 1, "change_message": "[{\"added\": {}}]"}}, {"model": "admin.logentry", "pk": 11, "fields": {"action_time": "2024-05-24T06:43:42.657Z", "user": 1, "content_type": 4, "object_id": "2", "object_repr": "ruchira", "action_flag": 2, "change_message": "[{\"changed\": {\"fields\": [\"Staff status\", \"Groups\"]}}]"}}, {"model": "admin.logentry", "pk": 12, "fields": {"action_time": "2024-05-26T04:45:18.088Z", "user": 1, "content_type": 3, "object_id": "1", "object_repr": "Salesperson", "action_flag": 2, "change_message": "[]"}}, {"model": "admin.logentry", "pk": 13, "fields": {"action_time": "2024-05-26T06:05:41.094Z", "user": 1, "content_type": 9, "object_id": "1", "object_repr": "Customer one", "action_flag": 2, "change_message": "[{\"changed\": {\"fields\": [\"Email\"]}}]"}}, {"model": "admin.logentry", "pk": 14, "fields": {"action_time": "2024-05-26T10:45:27.312Z", "user": 1, "content_type": 19, "object_id": "22", "object_repr": "Quotation #22", "action_flag": 3, "change_message": ""}}, {"model": "admin.logentry", "pk": 15, "fields": {"action_time": "2024-05-26T10:45:27.764Z", "user": 1, "content_type": 19, "object_id": "21", "object_repr": "Quotation #21", "action_flag": 3, "change_message": ""}}, {"model": "admin.logentry", "pk": 16, "fields": {"action_time": "2024-05-26T10:45:27.898Z", "user": 1, "content_type": 19, "object_id": "20", "object_repr": "Quotation #20", "action_flag": 3, "change_message": ""}}, {"model": "admin.logentry", "pk": 17, "fields": {"action_time": "2024-05-26T10:45:28.028Z", "user": 1, "content_type": 19, "object_id": "19", "object_repr": "Quotation #19", "action_flag": 3, "change_message": ""}}, {"model": "admin.logentry", "pk": 18, "fields": {"action_time": "2024-05-26T10:45:28.146Z", "user": 1, "content_type": 19, "object_id": "18", "object_repr": "Quotation #18", "action_flag": 3, "change_message": ""}}, {"model": "admin.logentry", "pk": 19, "fields": {"action_time": "2024-05-26T10:45:28.279Z", "user": 1, "content_type": 19, "object_id": "17", "object_repr": "Quotation #17", "action_flag": 3, "change_message": ""}}, {"model": "admin.logentry", "pk": 20, "fields": {"action_time": "2024-05-26T10:45:28.404Z", "user": 1, "content_type": 19, "object_id": "16", "object_repr": "Quotation #16", "action_flag": 3, "change_message": ""}}, {"model": "admin.logentry", "pk": 21, "fields": {"action_time": "2024-05-26T10:45:28.527Z", "user": 1, "content_type": 19, "object_id": "15", "object_repr": "Quotation #15", "action_flag": 3, "change_message": ""}}, {"model": "admin.logentry", "pk": 22, "fields": {"action_time": "2024-05-26T10:45:28.649Z", "user": 1, "content_type": 19, "object_id": "14", "object_repr": "Quotation #14", "action_flag": 3, "change_message": ""}}, {"model": "admin.logentry", "pk": 23, "fields": {"action_time": "2024-05-26T10:45:28.781Z", "user": 1, "content_type": 19, "object_id": "13", "object_repr": "Quotation #13", "action_flag": 3, "change_message": ""}}, {"model": "admin.logentry", "pk": 24, "fields": {"action_time": "2024-05-26T10:45:28.899Z", "user": 1, "content_type": 19, "object_id": "12", "object_repr": "Quotation #12", "action_flag": 3, "change_message": ""}}, {"model": "admin.logentry", "pk": 25, "fields": {"action_time": "2024-05-26T10:45:28.999Z", "user": 1, "content_type": 19, "object_id": "11", "object_repr": "Quotation #11", "action_flag": 3, "change_message": ""}}, {"model": "admin.logentry", "pk": 26, "fields": {"action_time": "2024-05-26T10:45:29.099Z", "user": 1, "content_type": 19, "object_id": "10", "object_repr": "Quotation #10", "action_flag": 3, "change_message": ""}}, {"model": "admin.logentry", "pk": 27, "fields": {"action_time": "2024-05-26T10:45:29.232Z", "user": 1, "content_type": 19, "object_id": "9", "object_repr": "Quotation #9", "action_flag": 3, "change_message": ""}}, {"model": "admin.logentry", "pk": 28, "fields": {"action_time": "2024-05-26T10:45:29.332Z", "user": 1, "content_type": 19, "object_id": "8", "object_repr": "Quotation #8", "action_flag": 3, "change_message": ""}}, {"model": "admin.logentry", "pk": 29, "fields": {"action_time": "2024-05-26T10:45:29.448Z", "user": 1, "content_type": 19, "object_id": "7", "object_repr": "Quotation #7", "action_flag": 3, "change_message": ""}}, {"model": "admin.logentry", "pk": 30, "fields": {"action_time": "2024-05-26T10:45:29.577Z", "user": 1, "content_type": 19, "object_id": "6", "object_repr": "Quotation #6", "action_flag": 3, "change_message": ""}}, {"model": "admin.logentry", "pk": 31, "fields": {"action_time": "2024-05-26T10:45:29.688Z", "user": 1, "content_type": 19, "object_id": "5", "object_repr": "Quotation #5", "action_flag": 3, "change_message": ""}}, {"model": "admin.logentry", "pk": 32, "fields": {"action_time": "2024-05-26T10:45:29.800Z", "user": 1, "content_type": 19, "object_id": "4", "object_repr": "Quotation #4", "action_flag": 3, "change_message": ""}}, {"model": "admin.logentry", "pk": 33, "fields": {"action_time": "2024-05-26T10:45:29.933Z", "user": 1, "content_type": 19, "object_id": "3", "object_repr": "Quotation #3", "action_flag": 3, "change_message": ""}}, {"model": "admin.logentry", "pk": 34, "fields": {"action_time": "2024-05-26T10:45:30.064Z", "user": 1, "content_type": 19, "object_id": "2", "object_repr": "Quotation #2", "action_flag": 3, "change_message": ""}}, {"model": "admin.logentry", "pk": 35, "fields": {"action_time": "2024-05-26T10:45:30.186Z", "user": 1, "content_type": 19, "object_id": "1", "object_repr": "Quotation #1", "action_flag": 3, "change_message": ""}}, {"model": "admin.logentry", "pk": 36, "fields": {"action_time": "2024-05-26T10:46:39.443Z", "user": 1, "content_type": 19, "object_id": "29", "object_repr": "Quotation #29", "action_flag": 3, "change_message": ""}}, {"model": "admin.logentry", "pk": 37, "fields": {"action_time": "2024-05-26T10:46:39.544Z", "user": 1, "content_type": 19, "object_id": "28", "object_repr": "Quotation #28", "action_flag": 3, "change_message": ""}}, {"model": "admin.logentry", "pk": 38, "fields": {"action_time": "2024-05-26T10:46:39.674Z", "user": 1, "content_type": 19, "object_id": "27", "object_repr": "Quotation #27", "action_flag": 3, "change_message": ""}}, {"model": "admin.logentry", "pk": 39, "fields": {"action_time": "2024-05-26T10:46:39.784Z", "user": 1, "content_type": 19, "object_id": "26", "object_repr": "Quotation #26", "action_flag": 3, "change_message": ""}}, {"model": "admin.logentry", "pk": 40, "fields": {"action_time": "2024-05-26T10:46:39.894Z", "user": 1, "content_type": 19, "object_id": "25", "object_repr": "Quotation #25", "action_flag": 3, "change_message": ""}}, {"model": "admin.logentry", "pk": 41, "fields": {"action_time": "2024-05-26T10:46:40.039Z", "user": 1, "content_type": 19, "object_id": "24", "object_repr": "Quotation #24", "action_flag": 3, "change_message": ""}}, {"model": "admin.logentry", "pk": 42, "fields": {"action_time": "2024-05-26T10:46:40.143Z", "user": 1, "content_type": 19, "object_id": "23", "object_repr": "Quotation #23", "action_flag": 3, "change_message": ""}}, {"model": "admin.logentry", "pk": 43, "fields": {"action_time": "2024-05-26T11:20:36.923Z", "user": 1, "content_type": 20, "object_id": "62", "object_repr": "Material Requisition for Quotation #51", "action_flag": 1, "change_message": "[{\"added\": {}}, {\"added\": {\"name\": \"material requisition item\", \"object\": \"5 x component 1 for Material Requisition Material Requisition for Quotation #51\"}}]"}}, {"model": "admin.logentry", "pk": 44, "fields": {"action_time": "2024-05-30T18:21:19.319Z", "user": 1, "content_type": 22, "object_id": "1", "object_repr": "component 1", "action_flag": 2, "change_message": "[{\"changed\": {\"fields\": [\"Reorder quantity\"]}}]"}}, {"model": "admin.logentry", "pk": 45, "fields": {"action_time": "2024-05-30T18:21:38.086Z", "user": 1, "content_type": 22, "object_id": "4", "object_repr": "component 11", "action_flag": 2, "change_message": "[{\"changed\": {\"fields\": [\"Order quantity\"]}}]"}}, {"model": "admin.logentry", "pk": 46, "fields": {"action_time": "2024-05-30T18:21:47.103Z", "user": 1, "content_type": 22, "object_id": "2", "object_repr": "component 2", "action_flag": 2, "change_message": "[{\"changed\": {\"fields\": [\"Order quantity\"]}}]"}}, {"model": "admin.logentry", "pk": 47, "fields": {"action_time": "2024-05-30T18:22:05.783Z", "user": 1, "content_type": 22, "object_id": "5", "object_repr": "component four", "action_flag": 2, "change_message": "[{\"changed\": {\"fields\": [\"Order quantity\"]}}]"}}, {"model": "admin.logentry", "pk": 48, "fields": {"action_time": "2024-06-01T05:48:58.369Z", "user": 1, "content_type": 22, "object_id": "8", "object_repr": "Lothec", "action_flag": 3, "change_message": ""}}, {"model": "admin.logentry", "pk": 49, "fields": {"action_time": "2024-06-01T05:48:58.391Z", "user": 1, "content_type": 22, "object_id": "7", "object_repr": "Lothec", "action_flag": 3, "change_message": ""}}, {"model": "admin.logentry", "pk": 50, "fields": {"action_time": "2024-06-02T07:41:37.820Z", "user": 1, "content_type": 22, "object_id": "5", "object_repr": "component four", "action_flag": 2, "change_message": "[{\"changed\": {\"fields\": [\"Quantity\", \"Reorder quantity\"]}}]"}}, {"model": "admin.logentry", "pk": 51, "fields": {"action_time": "2024-06-02T07:42:12.809Z", "user": 1, "content_type": 22, "object_id": "1", "object_repr": "component 1", "action_flag": 2, "change_message": "[{\"changed\": {\"fields\": [\"Order quantity\"]}}]"}}, {"model": "admin.logentry", "pk": 52, "fields": {"action_time": "2024-06-02T07:43:28.609Z", "user": 1, "content_type": 22, "object_id": "1", "object_repr": "component 1", "action_flag": 2, "change_message": "[{\"changed\": {\"fields\": [\"Quantity\", \"Order quantity\"]}}]"}}, {"model": "admin.logentry", "pk": 53, "fields": {"action_time": "2024-06-02T07:44:06.469Z", "user": 1, "content_type": 22, "object_id": "1", "object_repr": "component 1", "action_flag": 2, "change_message": "[]"}}, {"model": "admin.logentry", "pk": 54, "fields": {"action_time": "2024-06-02T07:44:36.584Z", "user": 1, "content_type": 22, "object_id": "1", "object_repr": "component 1", "action_flag": 2, "change_message": "[{\"changed\": {\"fields\": [\"Quantity\"]}}]"}}, {"model": "admin.logentry", "pk": 55, "fields": {"action_time": "2024-06-02T08:13:28.630Z", "user": 1, "content_type": 23, "object_id": "15", "object_repr": "Purchase Order #15 - component 3 - 0 units", "action_flag": 1, "change_message": "[{\"added\": {}}]"}}, {"model": "admin.logentry", "pk": 56, "fields": {"action_time": "2024-06-02T08:13:54.960Z", "user": 1, "content_type": 23, "object_id": "11", "object_repr": "Purchase Order #11 - component 3 - 0 units", "action_flag": 3, "change_message": ""}}, {"model": "admin.logentry", "pk": 57, "fields": {"action_time": "2024-06-02T08:13:54.960Z", "user": 1, "content_type": 23, "object_id": "9", "object_repr": "Purchase Order #9 - component 1 - 100 units", "action_flag": 3, "change_message": ""}}, {"model": "admin.logentry", "pk": 58, "fields": {"action_time": "2024-06-02T08:13:54.960Z", "user": 1, "content_type": 23, "object_id": "8", "object_repr": "Purchase Order #8 - component 2 - 100 units", "action_flag": 3, "change_message": ""}}, {"model": "admin.logentry", "pk": 59, "fields": {"action_time": "2024-06-02T08:13:54.977Z", "user": 1, "content_type": 23, "object_id": "6", "object_repr": "Purchase Order #6 - component 3 - 0 units", "action_flag": 3, "change_message": ""}}, {"model": "admin.logentry", "pk": 60, "fields": {"action_time": "2024-06-02T08:13:54.977Z", "user": 1, "content_type": 23, "object_id": "4", "object_repr": "Purchase Order #4 - component 3 - 0 units", "action_flag": 3, "change_message": ""}}, {"model": "admin.logentry", "pk": 61, "fields": {"action_time": "2024-06-02T08:14:13.162Z", "user": 1, "content_type": 23, "object_id": "3", "object_repr": "Purchase Order #3 - component 2 - 200 units", "action_flag": 3, "change_message": ""}}, {"model": "admin.logentry", "pk": 62, "fields": {"action_time": "2024-06-02T08:14:13.164Z", "user": 1, "content_type": 23, "object_id": "2", "object_repr": "Purchase Order #2 - component 3 - 0 units", "action_flag": 3, "change_message": ""}}, {"model": "admin.logentry", "pk": 63, "fields": {"action_time": "2024-06-03T06:36:20.222Z", "user": 1, "content_type": 4, "object_id": "1", "object_repr": "hashan", "action_flag": 2, "change_message": "[{\"changed\": {\"fields\": [\"Groups\"]}}]"}}, {"model": "admin.logentry", "pk": 64, "fields": {"action_time": "2024-06-03T06:38:10.309Z", "user": 1, "content_type": 3, "object_id": "2", "object_repr": "admin", "action_flag": 1, "change_message": "[{\"added\": {}}]"}}, {"model": "admin.logentry", "pk": 65, "fields": {"action_time": "2024-06-03T06:38:22.158Z", "user": 1, "content_type": 3, "object_id": "2", "object_repr": "admin", "action_flag": 2, "change_message": "[]"}}, {"model": "admin.logentry", "pk": 66, "fields": {"action_time": "2024-06-03T06:38:45.664Z", "user": 1, "content_type": 3, "object_id": "2", "object_repr": "Admin", "action_flag": 2, "change_message": "[{\"changed\": {\"fields\": [\"Name\"]}}]"}}, {"model": "admin.logentry", "pk": 67, "fields": {"action_time": "2024-06-03T06:39:06.423Z", "user": 1, "content_type": 4, "object_id": "1", "object_repr": "hashan", "action_flag": 2, "change_message": "[{\"changed\": {\"fields\": [\"Groups\"]}}]"}}, {"model": "auth.permission", "pk": 1, "fields": {"name": "Can add log entry", "content_type": 1, "codename": "add_logentry"}}, {"model": "auth.permission", "pk": 2, "fields": {"name": "Can change log entry", "content_type": 1, "codename": "change_logentry"}}, {"model": "auth.permission", "pk": 3, "fields": {"name": "Can delete log entry", "content_type": 1, "codename": "delete_logentry"}}, {"model": "auth.permission", "pk": 4, "fields": {"name": "Can view log entry", "content_type": 1, "codename": "view_logentry"}}, {"model": "auth.permission", "pk": 5, "fields": {"name": "Can add permission", "content_type": 2, "codename": "add_permission"}}, {"model": "auth.permission", "pk": 6, "fields": {"name": "Can change permission", "content_type": 2, "codename": "change_permission"}}, {"model": "auth.permission", "pk": 7, "fields": {"name": "Can delete permission", "content_type": 2, "codename": "delete_permission"}}, {"model": "auth.permission", "pk": 8, "fields": {"name": "Can view permission", "content_type": 2, "codename": "view_permission"}}, {"model": "auth.permission", "pk": 9, "fields": {"name": "Can add group", "content_type": 3, "codename": "add_group"}}, {"model": "auth.permission", "pk": 10, "fields": {"name": "Can change group", "content_type": 3, "codename": "change_group"}}, {"model": "auth.permission", "pk": 11, "fields": {"name": "Can delete group", "content_type": 3, "codename": "delete_group"}}, {"model": "auth.permission", "pk": 12, "fields": {"name": "Can view group", "content_type": 3, "codename": "view_group"}}, {"model": "auth.permission", "pk": 13, "fields": {"name": "Can add user", "content_type": 4, "codename": "add_user"}}, {"model": "auth.permission", "pk": 14, "fields": {"name": "Can change user", "content_type": 4, "codename": "change_user"}}, {"model": "auth.permission", "pk": 15, "fields": {"name": "Can delete user", "content_type": 4, "codename": "delete_user"}}, {"model": "auth.permission", "pk": 16, "fields": {"name": "Can view user", "content_type": 4, "codename": "view_user"}}, {"model": "auth.permission", "pk": 17, "fields": {"name": "Can add content type", "content_type": 5, "codename": "add_contenttype"}}, {"model": "auth.permission", "pk": 18, "fields": {"name": "Can change content type", "content_type": 5, "codename": "change_contenttype"}}, {"model": "auth.permission", "pk": 19, "fields": {"name": "Can delete content type", "content_type": 5, "codename": "delete_contenttype"}}, {"model": "auth.permission", "pk": 20, "fields": {"name": "Can view content type", "content_type": 5, "codename": "view_contenttype"}}, {"model": "auth.permission", "pk": 21, "fields": {"name": "Can add session", "content_type": 6, "codename": "add_session"}}, {"model": "auth.permission", "pk": 22, "fields": {"name": "Can change session", "content_type": 6, "codename": "change_session"}}, {"model": "auth.permission", "pk": 23, "fields": {"name": "Can delete session", "content_type": 6, "codename": "delete_session"}}, {"model": "auth.permission", "pk": 24, "fields": {"name": "Can view session", "content_type": 6, "codename": "view_session"}}, {"model": "auth.permission", "pk": 25, "fields": {"name": "Can add Token", "content_type": 7, "codename": "add_token"}}, {"model": "auth.permission", "pk": 26, "fields": {"name": "Can change Token", "content_type": 7, "codename": "change_token"}}, {"model": "auth.permission", "pk": 27, "fields": {"name": "Can delete Token", "content_type": 7, "codename": "delete_token"}}, {"model": "auth.permission", "pk": 28, "fields": {"name": "Can view Token", "content_type": 7, "codename": "view_token"}}, {"model": "auth.permission", "pk": 29, "fields": {"name": "Can add Token", "content_type": 8, "codename": "add_tokenproxy"}}, {"model": "auth.permission", "pk": 30, "fields": {"name": "Can change Token", "content_type": 8, "codename": "change_tokenproxy"}}, {"model": "auth.permission", "pk": 31, "fields": {"name": "Can delete Token", "content_type": 8, "codename": "delete_tokenproxy"}}, {"model": "auth.permission", "pk": 32, "fields": {"name": "Can view Token", "content_type": 8, "codename": "view_tokenproxy"}}, {"model": "auth.permission", "pk": 33, "fields": {"name": "Can add customer", "content_type": 9, "codename": "add_customer"}}, {"model": "auth.permission", "pk": 34, "fields": {"name": "Can change customer", "content_type": 9, "codename": "change_customer"}}, {"model": "auth.permission", "pk": 35, "fields": {"name": "Can delete customer", "content_type": 9, "codename": "delete_customer"}}, {"model": "auth.permission", "pk": 36, "fields": {"name": "Can view customer", "content_type": 9, "codename": "view_customer"}}, {"model": "auth.permission", "pk": 37, "fields": {"name": "Can add product", "content_type": 10, "codename": "add_product"}}, {"model": "auth.permission", "pk": 38, "fields": {"name": "Can change product", "content_type": 10, "codename": "change_product"}}, {"model": "auth.permission", "pk": 39, "fields": {"name": "Can delete product", "content_type": 10, "codename": "delete_product"}}, {"model": "auth.permission", "pk": 40, "fields": {"name": "Can view product", "content_type": 10, "codename": "view_product"}}, {"model": "auth.permission", "pk": 41, "fields": {"name": "Can add quotation", "content_type": 11, "codename": "add_quotation"}}, {"model": "auth.permission", "pk": 42, "fields": {"name": "Can change quotation", "content_type": 11, "codename": "change_quotation"}}, {"model": "auth.permission", "pk": 43, "fields": {"name": "Can delete quotation", "content_type": 11, "codename": "delete_quotation"}}, {"model": "auth.permission", "pk": 44, "fields": {"name": "Can view quotation", "content_type": 11, "codename": "view_quotation"}}, {"model": "auth.permission", "pk": 45, "fields": {"name": "Can add quotation item", "content_type": 12, "codename": "add_quotationitem"}}, {"model": "auth.permission", "pk": 46, "fields": {"name": "Can change quotation item", "content_type": 12, "codename": "change_quotationitem"}}, {"model": "auth.permission", "pk": 47, "fields": {"name": "Can delete quotation item", "content_type": 12, "codename": "delete_quotationitem"}}, {"model": "auth.permission", "pk": 48, "fields": {"name": "Can view quotation item", "content_type": 12, "codename": "view_quotationitem"}}, {"model": "auth.permission", "pk": 49, "fields": {"name": "Can add rfq", "content_type": 13, "codename": "add_rfq"}}, {"model": "auth.permission", "pk": 50, "fields": {"name": "Can change rfq", "content_type": 13, "codename": "change_rfq"}}, {"model": "auth.permission", "pk": 51, "fields": {"name": "Can delete rfq", "content_type": 13, "codename": "delete_rfq"}}, {"model": "auth.permission", "pk": 52, "fields": {"name": "Can view rfq", "content_type": 13, "codename": "view_rfq"}}, {"model": "auth.permission", "pk": 53, "fields": {"name": "Can add rfq item", "content_type": 14, "codename": "add_rfqitem"}}, {"model": "auth.permission", "pk": 54, "fields": {"name": "Can change rfq item", "content_type": 14, "codename": "change_rfqitem"}}, {"model": "auth.permission", "pk": 55, "fields": {"name": "Can delete rfq item", "content_type": 14, "codename": "delete_rfqitem"}}, {"model": "auth.permission", "pk": 56, "fields": {"name": "Can view rfq item", "content_type": 14, "codename": "view_rfqitem"}}, {"model": "auth.permission", "pk": 57, "fields": {"name": "Can add sales order", "content_type": 15, "codename": "add_salesorder"}}, {"model": "auth.permission", "pk": 58, "fields": {"name": "Can change sales order", "content_type": 15, "codename": "change_salesorder"}}, {"model": "auth.permission", "pk": 59, "fields": {"name": "Can delete sales order", "content_type": 15, "codename": "delete_salesorder"}}, {"model": "auth.permission", "pk": 60, "fields": {"name": "Can view sales order", "content_type": 15, "codename": "view_salesorder"}}, {"model": "auth.permission", "pk": 61, "fields": {"name": "Can add sales order item", "content_type": 16, "codename": "add_salesorderitem"}}, {"model": "auth.permission", "pk": 62, "fields": {"name": "Can change sales order item", "content_type": 16, "codename": "change_salesorderitem"}}, {"model": "auth.permission", "pk": 63, "fields": {"name": "Can delete sales order item", "content_type": 16, "codename": "delete_salesorderitem"}}, {"model": "auth.permission", "pk": 64, "fields": {"name": "Can view sales order item", "content_type": 16, "codename": "view_salesorderitem"}}, {"model": "auth.permission", "pk": 65, "fields": {"name": "Can add bill of material", "content_type": 17, "codename": "add_billofmaterial"}}, {"model": "auth.permission", "pk": 66, "fields": {"name": "Can change bill of material", "content_type": 17, "codename": "change_billofmaterial"}}, {"model": "auth.permission", "pk": 67, "fields": {"name": "Can delete bill of material", "content_type": 17, "codename": "delete_billofmaterial"}}, {"model": "auth.permission", "pk": 68, "fields": {"name": "Can view bill of material", "content_type": 17, "codename": "view_billofmaterial"}}, {"model": "auth.permission", "pk": 69, "fields": {"name": "Can add BOM Item", "content_type": 18, "codename": "add_bomitem"}}, {"model": "auth.permission", "pk": 70, "fields": {"name": "Can change BOM Item", "content_type": 18, "codename": "change_bomitem"}}, {"model": "auth.permission", "pk": 71, "fields": {"name": "Can delete BOM Item", "content_type": 18, "codename": "delete_bomitem"}}, {"model": "auth.permission", "pk": 72, "fields": {"name": "Can view BOM Item", "content_type": 18, "codename": "view_bomitem"}}, {"model": "auth.permission", "pk": 73, "fields": {"name": "Can add manufacturing order", "content_type": 19, "codename": "add_manufacturingorder"}}, {"model": "auth.permission", "pk": 74, "fields": {"name": "Can change manufacturing order", "content_type": 19, "codename": "change_manufacturingorder"}}, {"model": "auth.permission", "pk": 75, "fields": {"name": "Can delete manufacturing order", "content_type": 19, "codename": "delete_manufacturingorder"}}, {"model": "auth.permission", "pk": 76, "fields": {"name": "Can view manufacturing order", "content_type": 19, "codename": "view_manufacturingorder"}}, {"model": "auth.permission", "pk": 77, "fields": {"name": "Can add material requisition", "content_type": 20, "codename": "add_materialrequisition"}}, {"model": "auth.permission", "pk": 78, "fields": {"name": "Can change material requisition", "content_type": 20, "codename": "change_materialrequisition"}}, {"model": "auth.permission", "pk": 79, "fields": {"name": "Can delete material requisition", "content_type": 20, "codename": "delete_materialrequisition"}}, {"model": "auth.permission", "pk": 80, "fields": {"name": "Can view material requisition", "content_type": 20, "codename": "view_materialrequisition"}}, {"model": "auth.permission", "pk": 81, "fields": {"name": "Can add material requisition item", "content_type": 21, "codename": "add_materialrequisitionitem"}}, {"model": "auth.permission", "pk": 82, "fields": {"name": "Can change material requisition item", "content_type": 21, "codename": "change_materialrequisitionitem"}}, {"model": "auth.permission", "pk": 83, "fields": {"name": "Can delete material requisition item", "content_type": 21, "codename": "delete_materialrequisitionitem"}}, {"model": "auth.permission", "pk": 84, "fields": {"name": "Can view material requisition item", "content_type": 21, "codename": "view_materialrequisitionitem"}}, {"model": "auth.permission", "pk": 85, "fields": {"name": "Can add component", "content_type": 22, "codename": "add_component"}}, {"model": "auth.permission", "pk": 86, "fields": {"name": "Can change component", "content_type": 22, "codename": "change_component"}}, {"model": "auth.permission", "pk": 87, "fields": {"name": "Can delete component", "content_type": 22, "codename": "delete_component"}}, {"model": "auth.permission", "pk": 88, "fields": {"name": "Can view component", "content_type": 22, "codename": "view_component"}}, {"model": "auth.permission", "pk": 89, "fields": {"name": "Can add purchase order", "content_type": 23, "codename": "add_purchaseorder"}}, {"model": "auth.permission", "pk": 90, "fields": {"name": "Can change purchase order", "content_type": 23, "codename": "change_purchaseorder"}}, {"model": "auth.permission", "pk": 91, "fields": {"name": "Can delete purchase order", "content_type": 23, "codename": "delete_purchaseorder"}}, {"model": "auth.permission", "pk": 92, "fields": {"name": "Can view purchase order", "content_type": 23, "codename": "view_purchaseorder"}}, {"model": "auth.permission", "pk": 93, "fields": {"name": "Can add purchase requisition", "content_type": 24, "codename": "add_purchaserequisition"}}, {"model": "auth.permission", "pk": 94, "fields": {"name": "Can change purchase requisition", "content_type": 24, "codename": "change_purchaserequisition"}}, {"model": "auth.permission", "pk": 95, "fields": {"name": "Can delete purchase requisition", "content_type": 24, "codename": "delete_purchaserequisition"}}, {"model": "auth.permission", "pk": 96, "fields": {"name": "Can view purchase requisition", "content_type": 24, "codename": "view_purchaserequisition"}}, {"model": "auth.permission", "pk": 97, "fields": {"name": "Can add replenish transaction", "content_type": 25, "codename": "add_replenishtransaction"}}, {"model": "auth.permission", "pk": 98, "fields": {"name": "Can change replenish transaction", "content_type": 25, "codename": "change_replenishtransaction"}}, {"model": "auth.permission", "pk": 99, "fields": {"name": "Can delete replenish transaction", "content_type": 25, "codename": "delete_replenishtransaction"}}, {"model": "auth.permission", "pk": 100, "fields": {"name": "Can view replenish transaction", "content_type": 25, "codename": "view_replenishtransaction"}}, {"model": "auth.permission", "pk": 101, "fields": {"name": "Can add supplier", "content_type": 26, "codename": "add_supplier"}}, {"model": "auth.permission", "pk": 102, "fields": {"name": "Can change supplier", "content_type": 26, "codename": "change_supplier"}}, {"model": "auth.permission", "pk": 103, "fields": {"name": "Can delete supplier", "content_type": 26, "codename": "delete_supplier"}}, {"model": "auth.permission", "pk": 104, "fields": {"name": "Can view supplier", "content_type": 26, "codename": "view_supplier"}}, {"model": "auth.permission", "pk": 105, "fields": {"name": "Can add consumption transaction", "content_type": 27, "codename": "add_consumptiontransaction"}}, {"model": "auth.permission", "pk": 106, "fields": {"name": "Can change consumption transaction", "content_type": 27, "codename": "change_consumptiontransaction"}}, {"model": "auth.permission", "pk": 107, "fields": {"name": "Can delete consumption transaction", "content_type": 27, "codename": "delete_consumptiontransaction"}}, {"model": "auth.permission", "pk": 108, "fields": {"name": "Can view consumption transaction", "content_type": 27, "codename": "view_consumptiontransaction"}}, {"model": "auth.permission", "pk": 109, "fields": {"name": "Can add notification", "content_type": 28, "codename": "add_notification"}}, {"model": "auth.permission", "pk": 110, "fields": {"name": "Can change notification", "content_type": 28, "codename": "change_notification"}}, {"model": "auth.permission", "pk": 111, "fields": {"name": "Can delete notification", "content_type": 28, "codename": "delete_notification"}}, {"model": "auth.permission", "pk": 112, "fields": {"name": "Can view notification", "content_type": 28, "codename": "view_notification"}}, {"model": "auth.group", "pk": 1, "fields": {"name": "Salesperson", "permissions": [33, 34, 35, 36, 37, 38, 39, 40, 41, 42, 43, 44, 45, 46, 47, 48, 49, 50, 51, 52, 53, 54, 55, 56, 57, 58, 59, 60, 61, 62, 63, 64]}}, {"model": "auth.group", "pk": 2, "fields": {"name": "Admin", "permissions": [85, 86, 87, 88, 105, 106, 107, 108, 89, 90, 91, 92, 93, 94, 95, 96, 97, 98, 99, 100, 101, 102, 103, 104, 65, 66, 67, 68, 69, 70, 71, 72, 73, 74, 75, 76, 77, 78, 79, 80, 81, 82, 83, 84, 109, 110, 111, 112, 33, 34, 35, 36, 37, 38, 39, 40, 41, 42, 43, 44, 45, 46, 47, 48, 49, 50, 51, 52, 53, 54, 55, 56, 57, 58, 59, 60, 61, 62, 63, 64, 1, 2, 3, 4, 9, 10, 11, 12, 5, 6, 7, 8, 13, 14, 15, 16, 25, 26, 27, 28, 29, 30, 31, 32, 17, 18, 19, 20, 21, 22, 23, 24]}}, {"model": "auth.user", "pk": 1, "fields": {"password": "pbkdf2_sha256$720000$6uu1lijuF606pT8nWorKbO$f+yWP/49OG8qqKKCOt/wwKJFYDusrbKTng4qG0g3boE=", "last_login": "2024-05-25T03:54:44Z", "is_superuser": true, "username": "hashan", "first_name": "", "last_name": "", "email": "hashan@gmail.com", "is_staff": true, "is_active": true, "date_joined": "2024-05-21T17:45:59Z", "groups": [2], "user_permissions": []}}, {"model": "auth.user", "pk": 2, "fields": {"password": "pbkdf2_sha256$720000$BYacMiT2LYY9YCi4E6ddVT$DJYMoVQkHHMOHMd2lFghwCrcuSvN0Edt/gkfnjF9mwA=", "last_login": "2024-05-24T06:44:04.360Z", "is_superuser": false, "username": "ruchira", "first_name": "", "last_name": "", "email": "", "is_staff": true, "is_active": true, "date_joined": "2024-05-24T06:43:17Z", "groups": [1], "user_permissions": []}}, {"model": "contenttypes.contenttype", "pk": 1, "fields": {"app_label": "admin", "model": "logentry"}}, {"model": "contenttypes.contenttype", "pk": 2, "fields": {"app_label": "auth", "model": "permission"}}, {"model": "contenttypes.contenttype", "pk": 3, "fields": {"app_label": "auth", "model": "group"}}, {"model": "contenttypes.contenttype", "pk": 4, "fields": {"app_label": "auth", "model": "user"}}, {"model": "contenttypes.contenttype", "pk": 5, "fields": {"app_label": "contenttypes", "model": "contenttype"}}, {"model": "contenttypes.contenttype", "pk": 6, "fields": {"app_label": "sessions", "model": "session"}}, {"model": "contenttypes.contenttype", "pk": 7, "fields": {"app_label": "authtoken", "model": "token"}}, {"model": "contenttypes.contenttype", "pk": 8, "fields": {"app_label": "authtoken", "model": "tokenproxy"}}, {"model": "contenttypes.contenttype", "pk": 9, "fields": {"app_label": "Sales", "model": "customer"}}, {"model": "contenttypes.contenttype", "pk": 10, "fields": {"app_label": "Sales", "model": "product"}}, {"model": "contenttypes.contenttype", "pk": 11, "fields": {"app_label": "Sales", "model": "quotation"}}, {"model": "contenttypes.contenttype", "pk": 12, "fields": {"app_label": "Sales", "model": "quotationitem"}}, {"model": "contenttypes.contenttype", "pk": 13, "fields": {"app_label": "Sales", "model": "rfq"}}, {"model": "contenttypes.contenttype", "pk": 14, "fields": {"app_label": "Sales", "model": "rfqitem"}}, {"model": "contenttypes.contenttype", "pk": 15, "fields": {"app_label": "Sales", "model": "salesorder"}}, {"model": "contenttypes.contenttype", "pk": 16, "fields": {"app_label": "Sales", "model": "salesorderitem"}}, {"model": "contenttypes.contenttype", "pk": 17, "fields": {"app_label": "Manufacturing", "model": "billofmaterial"}}, {"model": "contenttypes.contenttype", "pk": 18, "fields": {"app_label": "Manufacturing", "model": "bomitem"}}, {"model": "contenttypes.contenttype", "pk": 19, "fields": {"app_label": "Manufacturing", "model": "manufacturingorder"}}, {"model": "contenttypes.contenttype", "pk": 20, "fields": {"app_label": "Manufacturing", "model": "materialrequisition"}}, {"model": "contenttypes.contenttype", "pk": 21, "fields": {"app_label": "Manufacturing", "model": "materialrequisitionitem"}}, {"model": "contenttypes.contenttype", "pk": 22, "fields": {"app_label": "Inventory", "model": "component"}}, {"model": "contenttypes.contenttype", "pk": 23, "fields": {"app_label": "Inventory", "model": "purchaseorder"}}, {"model": "contenttypes.contenttype", "pk": 24, "fields": {"app_label": "Inventory", "model": "purchaserequisition"}}, {"model": "contenttypes.contenttype", "pk": 25, "fields": {"app_label": "Inventory", "model": "replenishtransaction"}}, {"model": "contenttypes.contenttype", "pk": 26, "fields": {"app_label": "Inventory", "model": "supplier"}}, {"model": "contenttypes.contenttype", "pk": 27, "fields": {"app_label": "Inventory", "model": "consumptiontransaction"}}, {"model": "contenttypes.contenttype", "pk": 28, "fields": {"app_label": "Notifications", "model": "notification"}}, {"model": "sessions.session", "pk": "k08p6d59l6obrzjis6cd2qaxnxiiitag", "fields": {"session_data": ".eJxVjEEOwiAQRe_C2hAGChaX7nsGwjCMVA0kpV0Z765NutDtf-_9lwhxW0vYel7CTOIiQJx-N4zpkesO6B7rrcnU6rrMKHdFHrTLqVF-Xg_376DEXr61SQza4OASWGKywM6jHqICGxVr5WBEhSMYzGw94JnAZnTICMqDA_H-AN8IN6w:1sAiUW:RVKsx-y1fJ7Jx0cSJzCIVYuhzdLOr6xYIgyZbkiyInM", "expire_date": "2024-06-08T03:54:44.153Z"}}, {"model": "Sales.customer", "pk": 1, "fields": {"name": "Customer one", "email": "hashanruchira02@gmail.com", "phone": "012457896", "address": "341\r\nKurunagala Road"}}, {"model": "Sales.customer", "pk": 2, "fields": {"name": "HASHAN Ruchira", "email": "hashanruchira98@gmail.com", "phone": "0787720945", "address": "341, Kurunagala Road"}}, {"model": "Sales.customer", "pk": 3, "fields": {"name": "Kamald", "email": "hashanruchira99@gmail.com", "phone": "07877dsfsdf", "address": "341, Kurunagala Road"}}, {"model": "Sales.customer", "pk": 4, "fields": {"name": "Kamal Fernando", "email": "kamalfernando@gmail.com", "phone": "0775869478", "address": "No.143, Colombo Road, Negombo"}}, {"model": "Sales.customer", "pk": 5, "fields": {"name": "Deshan Perera", "email": "deshanperera@gmail.com", "phone": "0755896654", "address": "No.41, Colombo Road, Wattala"}}, {"model": "Sales.product", "pk": 1, "fields": {"name": "product 1", "description": "test", "price": "100.00"}}, {"model": "Sales.product", "pk": 2, "fields": {"name": "Product 01", "description": "Product 01", "price": "12000.00"}}, {"model": "Sales.product", "pk": 3, "fields": {"name": "Product 02", "description": "Product 02", "price": "14000.00"}}, {"model": "Sales.quotation", "pk": 1, "fields": {"customer": 1, "date": "2024-05-21", "expiration_date": "2024-06-09", "invoicing_and_shipping_address": "colomno", "total_amount": "42300.00", "status": "pending", "created_at": "2024-05-21T18:10:48.297Z", "updated_at": "2024-05-21T18:10:48.297Z", "created_by": 1}}, {"model": "Sales.quotation", "pk": 2, "fields": {"customer": 1, "date": "2024-05-22", "expiration_date": "2024-05-22", "invoicing_and_shipping_address": "colombo", "total_amount": "106000.00", "status": "pending", "created_at": "2024-05-22T09:47:19.089Z", "updated_at": "2024-05-22T09:47:19.089Z", "created_by": 1}}, {"model": "Sales.quotation", "pk": 3, "fields": {"customer": 1, "date": "2024-05-22", "expiration_date": "2024-06-09", "invoicing_and_shipping_address": "dasdas", "total_amount": "14000.00", "status": "pending", "created_at": "2024-05-22T09:53:28.980Z", "updated_at": "2024-05-22T09:53:28.980Z", "created_by": 1}}, {"model": "Sales.quotation", "pk": 4, "fields": {"customer": 1, "date": "2024-05-22", "expiration_date": "2024-06-09", "invoicing_and_shipping_address": "sdad", "total_amount": "14000.00", "status": "pending", "created_at": "2024-05-22T10:01:15.112Z", "updated_at": "2024-05-22T10:01:15.112Z", "created_by": 1}}, {"model": "Sales.quotation", "pk": 5, "fields": {"customer": 1, "date": "2024-06-01", "expiration_date": "2024-07-07", "invoicing_and_shipping_address": "test", "total_amount": "52000.00", "status": "pending", "created_at": "2024-06-01T13:53:37.780Z", "updated_at": "2024-06-01T13:53:37.780Z", "created_by": 1}}, {"model": "Sales.quotation", "pk": 6, "fields": {"customer": 4, "date": "2024-06-02", "expiration_date": "2024-07-07", "invoicing_and_shipping_address": "No.143, Colombo Road, Negombo", "total_amount": "36100.00", "status": "pending", "created_at": "2024-06-02T10:04:58.670Z", "updated_at": "2024-06-02T10:04:58.671Z", "created_by": 1}}, {"model": "Sales.quotation", "pk": 7, "fields": {"customer": 4, "date": "2024-06-02", "expiration_date": "2024-06-16", "invoicing_and_shipping_address": "No.143, Colombo Road, Negombo", "total_amount": "118000.00", "status": "pending", "created_at": "2024-06-02T10:06:00.888Z", "updated_at": "2024-06-02T10:06:00.888Z", "created_by": 1}}, {"model": "Sales.quotation", "pk": 8, "fields": {"customer": 4, "date": "2024-06-02", "expiration_date": "2024-06-16", "invoicing_and_shipping_address": "No.143, Colombo Road, Negombo", "total_amount": "36000.00", "status": "pending", "created_at": "2024-06-02T10:31:58.869Z", "updated_at": "2024-06-02T10:31:58.869Z", "created_by": 1}}, {"model": "Sales.quotation", "pk": 9, "fields": {"customer": 2, "date": "2024-06-03", "expiration_date": "2024-07-07", "invoicing_and_shipping_address": "341, Kurunagala Road", "total_amount": "24400.00", "status": "pending", "created_at": "2024-06-03T07:05:09.183Z", "updated_at": "2024-06-03T07:05:09.183Z", "created_by": 1}}, {"model": "Sales.quotation", "pk": 10, "fields": {"customer": 2, "date": "2024-06-03", "expiration_date": "2024-05-27", "invoicing_and_shipping_address": "341, Kurunagala Road", "total_amount": "94300.00", "status": "pending", "created_at": "2024-06-03T07:16:35.517Z", "updated_at": "2024-06-03T07:16:35.517Z", "created_by": 1}}, {"model": "Sales.quotationitem", "pk": 1, "fields": {"quotation": 1, "product": 3, "quantity": 3, "unit_price": "14000.00"}}, {"model": "Sales.quotationitem", "pk": 2, "fields": {"quotation": 1, "product": 1, "quantity": 3, "unit_price": "100.00"}}, {"model": "Sales.quotationitem", "pk": 3, "fields": {"quotation": 2, "product": 2, "quantity": 3, "unit_price": "12000.00"}}, {"model": "Sales.quotationitem", "pk": 4, "fields": {"quotation": 2, "product": 3, "quantity": 5, "unit_price": "14000.00"}}, {"model": "Sales.quotationitem", "pk": 5, "fields": {"quotation": 3, "product": 3, "quantity": 1, "unit_price": "14000.00"}}, {"model": "Sales.quotationitem", "pk": 6, "fields": {"quotation": 4, "product": 3, "quantity": 1, "unit_price": "14000.00"}}, {"model": "Sales.quotationitem", "pk": 7, "fields": {"quotation": 5, "product": 2, "quantity": 2, "unit_price": "12000.00"}}, {"model": "Sales.quotationitem", "pk": 8, "fields": {"quotation": 5, "product": 3, "quantity": 2, "unit_price": "14000.00"}}, {"model": "Sales.quotationitem", "pk": 9, "fields": {"quotation": 6, "product": 2, "quantity": 3, "unit_price": "12000.00"}}, {"model": "Sales.quotationitem", "pk": 10, "fields": {"quotation": 6, "product": 1, "quantity": 1, "unit_price": "100.00"}}, {"model": "Sales.quotationitem", "pk": 11, "fields": {"quotation": 7, "product": 2, "quantity": 4, "unit_price": "12000.00"}}, {"model": "Sales.quotationitem", "pk": 12, "fields": {"quotation": 7, "product": 3, "quantity": 5, "unit_price": "14000.00"}}, {"model": "Sales.quotationitem", "pk": 13, "fields": {"quotation": 8, "product": 2, "quantity": 3, "unit_price": "12000.00"}}, {"model": "Sales.quotationitem", "pk": 14, "fields": {"quotation": 9, "product": 1, "quantity": 4, "unit_price": "100.00"}}, {"model": "Sales.quotationitem", "pk": 15, "fields": {"quotation": 9, "product": 2, "quantity": 2, "unit_price": "12000.00"}}, {"model": "Sales.quotationitem", "pk": 16, "fields": {"quotation": 10, "product": 1, "quantity": 3, "unit_price": "100.00"}}, {"model": "Sales.quotationitem", "pk": 17, "fields": {"quotation": 10, "product": 3, "quantity": 5, "unit_price": "14000.00"}}, {"model": "Sales.quotationitem", "pk": 18, "fields": {"quotation": 10, "product": 2, "quantity": 2, "unit_price": "12000.00"}}, {"model": "Sales.salesorder", "pk": 1, "fields": {"customer": 1, "total_amount": "42300.00", "status": "pending", "created_at": "2024-05-21T18:12:13.085Z", "updated_at": "2024-05-21T18:12:13.085Z"}}, {"model": "Sales.salesorder", "pk": 2, "fields": {"customer": 1, "total_amount": "106000.00", "status": "pending", "created_at": "2024-05-22T09:47:31.469Z", "updated_at": "2024-05-22T09:47:31.469Z"}}, {"model": "Sales.salesorder", "pk": 3, "fields": {"customer": 1, "total_amount": "14000.00", "status": "pending", "created_at": "2024-05-25T09:32:10.636Z", "updated_at": "2024-05-25T09:32:10.636Z"}}, {"model": "Sales.salesorder", "pk": 4, "fields": {"customer": 1, "total_amount": "14000.00", "status": "pending", "created_at": "2024-05-26T04:48:10.165Z", "updated_at": "2024-05-26T04:48:10.165Z"}}, {"model": "Sales.salesorder", "pk": 5, "fields": {"customer": 1, "total_amount": "14000.00", "status": "pending", "created_at": "2024-05-26T08:40:19.429Z", "updated_at": "2024-05-26T08:40:19.429Z"}}, {"model": "Sales.salesorder", "pk": 6, "fields": {"customer": 1, "total_amount": "14000.00", "status": "pending", "created_at": "2024-05-26T10:29:39.603Z", "updated_at": "2024-05-26T10:29:39.603Z"}}, {"model": "Sales.salesorder", "pk": 7, "fields": {"customer": 1, "total_amount": "14000.00", "status": "pending", "created_at": "2024-05-26T10:52:57.791Z", "updated_at": "2024-05-26T10:52:57.791Z"}}, {"model": "Sales.salesorder", "pk": 8, "fields": {"customer": 1, "total_amount": "14000.00", "status": "pending", "created_at": "2024-05-26T10:56:20.799Z", "updated_at": "2024-05-26T10:56:20.799Z"}}, {"model": "Sales.salesorder", "pk": 9, "fields": {"customer": 1, "total_amount": "14000.00", "status": "pending", "created_at": "2024-06-01T03:56:11.739Z", "updated_at": "2024-06-01T03:56:11.739Z"}}, {"model": "Sales.salesorder", "pk": 10, "fields": {"customer": 1, "total_amount": "52000.00", "status": "pending", "created_at": "2024-06-01T13:53:49.615Z", "updated_at": "2024-06-01T13:53:49.615Z"}}, {"model": "Sales.salesorder", "pk": 11, "fields": {"customer": 4, "total_amount": "118000.00", "status": "pending", "created_at": "2024-06-02T10:06:11.036Z", "updated_at": "2024-06-02T10:06:11.036Z"}}, {"model": "Sales.salesorder", "pk": 12, "fields": {"customer": 2, "total_amount": "24400.00", "status": "pending", "created_at": "2024-06-03T07:05:24.859Z", "updated_at": "2024-06-03T07:05:24.859Z"}}, {"model": "Sales.salesorderitem", "pk": 1, "fields": {"order": 1, "product": 3, "quantity": 3, "price": "14000.00"}}, {"model": "Sales.salesorderitem", "pk": 2, "fields": {"order": 1, "product": 1, "quantity": 3, "price": "100.00"}}, {"model": "Sales.salesorderitem", "pk": 3, "fields": {"order": 2, "product": 2, "quantity": 3, "price": "12000.00"}}, {"model": "Sales.salesorderitem", "pk": 4, "fields": {"order": 2, "product": 3, "quantity": 5, "price": "14000.00"}}, {"model": "Sales.salesorderitem", "pk": 5, "fields": {"order": 3, "product": 3, "quantity": 1, "price": "14000.00"}}, {"model": "Sales.salesorderitem", "pk": 6, "fields": {"order": 4, "product": 3, "quantity": 1, "price": "14000.00"}}, {"model": "Sales.salesorderitem", "pk": 7, "fields": {"order": 5, "product": 3, "quantity": 1, "price": "14000.00"}}, {"model": "Sales.salesorderitem", "pk": 8, "fields": {"order": 6, "product": 3, "quantity": 1, "price": "14000.00"}}, {"model": "Sales.salesorderitem", "pk": 9, "fields": {"order": 7, "product": 3, "quantity": 1, "price": "14000.00"}}, {"model": "Sales.salesorderitem", "pk": 10, "fields": {"order": 8, "product": 3, "quantity": 1, "price": "14000.00"}}, {"model": "Sales.salesorderitem", "pk": 11, "fields": {"order": 9, "product": 3, "quantity": 1, "price": "14000.00"}}, {"model": "Sales.salesorderitem", "pk": 12, "fields": {"order": 10, "product": 2, "quantity": 2, "price": "12000.00"}}, {"model": "Sales.salesorderitem", "pk": 13, "fields": {"order": 10, "product": 3, "quantity": 2, "price": "14000.00"}}, {"model": "Sales.salesorderitem", "pk": 14, "fields": {"order": 11, "product": 2, "quantity": 4, "price": "12000.00"}}, {"model": "Sales.salesorderitem", "pk": 15, "fields": {"order": 11, "product": 3, "quantity": 5, "price": "14000.00"}}, {"model": "Sales.salesorderitem", "pk": 16, "fields": {"order": 12, "product": 1, "quantity": 4, "price": "100.00"}}, {"model": "Sales.salesorderitem", "pk": 17, "fields": {"order": 12, "product": 2, "quantity": 2, "price": "12000.00"}}, {"model": "Manufacturing.manufacturingorder", "pk": 30, "fields": {"sales_order_item": 3, "product_id": 2, "quantity": 3, "bom": 2, "status": "mr_approved", "created_at": "2024-05-23T06:54:14.363Z", "updated_at": "2024-05-23T06:54:46.547Z"}}, {"model": "Manufacturing.manufacturingorder", "pk": 31, "fields": {"sales_order_item": 3, "product_id": 2, "quantity": 3, "bom": 2, "status": "mr_approved", "created_at": "2024-05-25T03:28:21.885Z", "updated_at": "2024-05-25T04:41:21.129Z"}}, {"model": "Manufacturing.manufacturingorder", "pk": 32, "fields": {"sales_order_item": 3, "product_id": 2, "quantity": 3, "bom": 2, "status": "mr_approved", "created_at": "2024-05-25T03:28:21.885Z", "updated_at": "2024-05-25T03:28:37.432Z"}}, {"model": "Manufacturing.manufacturingorder", "pk": 33, "fields": {"sales_order_item": 3, "product_id": 2, "quantity": 3, "bom": 2, "status": "mr_approved", "created_at": "2024-05-25T03:28:26.438Z", "updated_at": "2024-05-25T04:40:47.675Z"}}, {"model": "Manufacturing.manufacturingorder", "pk": 34, "fields": {"sales_order_item": 3, "product_id": 2, "quantity": 3, "bom": 2, "status": "completed", "created_at": "2024-05-25T03:28:26.717Z", "updated_at": "2024-05-25T04:43:44.771Z"}}, {"model": "Manufacturing.manufacturingorder", "pk": 35, "fields": {"sales_order_item": 1, "product_id": 3, "quantity": 3, "bom": 3, "status": "mr_approved", "created_at": "2024-05-25T04:43:50.959Z", "updated_at": "2024-05-25T08:25:45.465Z"}}, {"model": "Manufacturing.manufacturingorder", "pk": 36, "fields": {"sales_order_item": 1, "product_id": 3, "quantity": 3, "bom": 3, "status": "mr_sent", "created_at": "2024-05-25T04:43:51.437Z", "updated_at": "2024-05-25T17:52:22.833Z"}}, {"model": "Manufacturing.manufacturingorder", "pk": 37, "fields": {"sales_order_item": 5, "product_id": 3, "quantity": 1, "bom": 3, "status": "mr_approved", "created_at": "2024-05-25T17:52:17.469Z", "updated_at": "2024-05-25T18:15:30.460Z"}}, {"model": "Manufacturing.manufacturingorder", "pk": 38, "fields": {"sales_order_item": 5, "product_id": 3, "quantity": 1, "bom": 3, "status": "mr_approved", "created_at": "2024-05-25T17:59:24.554Z", "updated_at": "2024-05-25T18:13:53.621Z"}}, {"model": "Manufacturing.manufacturingorder", "pk": 39, "fields": {"sales_order_item": 3, "product_id": 2, "quantity": 3, "bom": 2, "status": "mr_approved", "created_at": "2024-05-25T18:00:33.812Z", "updated_at": "2024-05-25T18:12:37.085Z"}}, {"model": "Manufacturing.manufacturingorder", "pk": 40, "fields": {"sales_order_item": 3, "product_id": 2, "quantity": 3, "bom": 2, "status": "mr_approved", "created_at": "2024-05-25T18:00:33.814Z", "updated_at": "2024-05-25T18:12:54.123Z"}}, {"model": "Manufacturing.manufacturingorder", "pk": 41, "fields": {"sales_order_item": 1, "product_id": 3, "quantity": 3, "bom": 3, "status": "mr_approved", "created_at": "2024-05-25T18:03:46.600Z", "updated_at": "2024-05-25T18:07:42.161Z"}}, {"model": "Manufacturing.manufacturingorder", "pk": 42, "fields": {"sales_order_item": 1, "product_id": 3, "quantity": 3, "bom": 3, "status": "mr_approved", "created_at": "2024-05-25T18:03:46.733Z", "updated_at": "2024-05-25T18:34:49.268Z"}}, {"model": "Manufacturing.manufacturingorder", "pk": 43, "fields": {"sales_order_item": 3, "product_id": 2, "quantity": 3, "bom": 2, "status": "mr_approved", "created_at": "2024-05-25T18:36:52.423Z", "updated_at": "2024-05-25T18:37:30.764Z"}}, {"model": "Manufacturing.manufacturingorder", "pk": 44, "fields": {"sales_order_item": 3, "product_id": 2, "quantity": 3, "bom": 2, "status": "mr_approved", "created_at": "2024-05-25T18:36:52.424Z", "updated_at": "2024-05-25T18:47:12.635Z"}}, {"model": "Manufacturing.manufacturingorder", "pk": 45, "fields": {"sales_order_item": 5, "product_id": 3, "quantity": 1, "bom": 3, "status": "mr_approved", "created_at": "2024-05-25T18:53:01.873Z", "updated_at": "2024-05-25T18:53:12.468Z"}}, {"model": "Manufacturing.manufacturingorder", "pk": 46, "fields": {"sales_order_item": 5, "product_id": 3, "quantity": 1, "bom": 3, "status": "mr_approved", "created_at": "2024-05-25T18:59:04.390Z", "updated_at": "2024-05-25T18:59:37.959Z"}}, {"model": "Manufacturing.manufacturingorder", "pk": 47, "fields": {"sales_order_item": 5, "product_id": 3, "quantity": 1, "bom": 3, "status": "completed", "created_at": "2024-05-25T19:11:17.524Z", "updated_at": "2024-05-25T19:46:34.657Z"}}, {"model": "Manufacturing.manufacturingorder", "pk": 48, "fields": {"sales_order_item": 5, "product_id": 3, "quantity": 1, "bom": 3, "status": "in_production", "created_at": "2024-05-25T19:14:07.336Z", "updated_at": "2024-05-25T19:45:29.884Z"}}, {"model": "Manufacturing.manufacturingorder", "pk": 49, "fields": {"sales_order_item": 7, "product_id": 3, "quantity": 1, "bom": 3, "status": "completed", "created_at": "2024-05-26T08:40:44.476Z", "updated_at": "2024-05-26T16:25:17.405Z"}}, {"model": "Manufacturing.manufacturingorder", "pk": 50, "fields": {"sales_order_item": 7, "product_id": 3, "quantity": 1, "bom": 3, "status": "in_production", "created_at": "2024-05-26T08:40:56.202Z", "updated_at": "2024-05-26T08:48:47.954Z"}}, {"model": "Manufacturing.manufacturingorder", "pk": 51, "fields": {"sales_order_item": 10, "product_id": 3, "quantity": 1, "bom": 3, "status": "mr_approved", "created_at": "2024-05-26T10:58:33.924Z", "updated_at": "2024-05-26T11:26:47.608Z"}}, {"model": "Manufacturing.manufacturingorder", "pk": 52, "fields": {"sales_order_item": 10, "product_id": 3, "quantity": 1, "bom": 3, "status": "mr_approved", "created_at": "2024-05-26T16:25:32.288Z", "updated_at": "2024-05-29T11:26:02.624Z"}}, {"model": "Manufacturing.manufacturingorder", "pk": 53, "fields": {"sales_order_item": 10, "product_id": 3, "quantity": 1, "bom": 3, "status": "mr_approved", "created_at": "2024-05-26T16:28:59.836Z", "updated_at": "2024-05-29T11:25:21.809Z"}}, {"model": "Manufacturing.manufacturingorder", "pk": 54, "fields": {"sales_order_item": 10, "product_id": 3, "quantity": 1, "bom": 3, "status": "mr_approved", "created_at": "2024-05-26T16:30:44.532Z", "updated_at": "2024-05-29T11:25:09.763Z"}}, {"model": "Manufacturing.manufacturingorder", "pk": 55, "fields": {"sales_order_item": 10, "product_id": 3, "quantity": 1, "bom": 3, "status": "mr_approved", "created_at": "2024-05-26T16:32:46.584Z", "updated_at": "2024-05-29T11:24:50.160Z"}}, {"model": "Manufacturing.manufacturingorder", "pk": 56, "fields": {"sales_order_item": 10, "product_id": 3, "quantity": 1, "bom": 3, "status": "mr_approved", "created_at": "2024-05-26T16:33:29.380Z", "updated_at": "2024-05-29T11:24:11.299Z"}}, {"model": "Manufacturing.manufacturingorder", "pk": 57, "fields": {"sales_order_item": 10, "product_id": 3, "quantity": 1, "bom": 3, "status": "completed", "created_at": "2024-05-26T16:36:20.384Z", "updated_at": "2024-05-26T16:36:44.712Z"}}, {"model": "Manufacturing.manufacturingorder", "pk": 58, "fields": {"sales_order_item": 10, "product_id": 3, "quantity": 1, "bom": 3, "status": "mr_approved", "created_at": "2024-05-29T12:11:02.489Z", "updated_at": "2024-05-29T12:13:23.427Z"}}, {"model": "Manufacturing.manufacturingorder", "pk": 59, "fields": {"sales_order_item": 9, "product_id": 3, "quantity": 1, "bom": 3, "status": "mr_approved", "created_at": "2024-05-29T12:17:19.522Z", "updated_at": "2024-05-29T12:19:00.349Z"}}, {"model": "Manufacturing.manufacturingorder", "pk": 60, "fields": {"sales_order_item": 3, "product_id": 2, "quantity": 3, "bom": 2, "status": "mr_approved", "created_at": "2024-05-29T12:21:20.523Z", "updated_at": "2024-05-29T12:57:28.834Z"}}, {"model": "Manufacturing.manufacturingorder", "pk": 61, "fields": {"sales_order_item": 3, "product_id": 2, "quantity": 3, "bom": 2, "status": "pending", "created_at": "2024-05-29T12:21:20.523Z", "updated_at": "2024-05-29T12:21:20.523Z"}}, {"model": "Manufacturing.manufacturingorder", "pk": 62, "fields": {"sales_order_item": 3, "product_id": 2, "quantity": 3, "bom": 2, "status": "mr_approved", "created_at": "2024-05-29T12:21:22.642Z", "updated_at": "2024-05-29T12:54:28.022Z"}}, {"model": "Manufacturing.manufacturingorder", "pk": 63, "fields": {"sales_order_item": 3, "product_id": 2, "quantity": 3, "bom": 2, "status": "mr_approved", "created_at": "2024-05-29T12:21:22.690Z", "updated_at": "2024-05-29T12:30:33.485Z"}}, {"model": "Manufacturing.manufacturingorder", "pk": 64, "fields": {"sales_order_item": 3, "product_id": 2, "quantity": 3, "bom": 2, "status": "mr_approved", "created_at": "2024-05-29T12:21:23.229Z", "updated_at": "2024-05-29T12:26:18.584Z"}}, {"model": "Manufacturing.manufacturingorder", "pk": 65, "fields": {"sales_order_item": 3, "product_id": 2, "quantity": 3, "bom": 2, "status": "completed", "created_at": "2024-05-29T12:21:23.274Z", "updated_at": "2024-05-31T12:12:04.836Z"}}, {"model": "Manufacturing.manufacturingorder", "pk": 66, "fields": {"sales_order_item": 10, "product_id": 3, "quantity": 1, "bom": 3, "status": "mr_sent", "created_at": "2024-05-29T13:01:41.234Z", "updated_at": "2024-05-29T13:01:45.116Z"}}, {"model": "Manufacturing.manufacturingorder", "pk": 67, "fields": {"sales_order_item": 10, "product_id": 3, "quantity": 1, "bom": 3, "status": "mr_sent", "created_at": "2024-05-29T14:52:20.168Z", "updated_at": "2024-05-29T14:52:25.343Z"}}, {"model": "Manufacturing.manufacturingorder", "pk": 68, "fields": {"sales_order_item": 10, "product_id": 3, "quantity": 1, "bom": 3, "status": "mr_sent", "created_at": "2024-05-29T14:53:40.240Z", "updated_at": "2024-05-29T14:53:46.750Z"}}, {"model": "Manufacturing.manufacturingorder", "pk": 69, "fields": {"sales_order_item": 10, "product_id": 3, "quantity": 1, "bom": 3, "status": "mr_sent", "created_at": "2024-05-30T17:15:46.811Z", "updated_at": "2024-05-30T17:15:50.967Z"}}, {"model": "Manufacturing.manufacturingorder", "pk": 70, "fields": {"sales_order_item": 1, "product_id": 3, "quantity": 3, "bom": 3, "status": "mr_sent", "created_at": "2024-05-31T11:36:27.293Z", "updated_at": "2024-05-31T11:36:31.567Z"}}, {"model": "Manufacturing.manufacturingorder", "pk": 71, "fields": {"sales_order_item": 1, "product_id": 3, "quantity": 3, "bom": 3, "status": "mr_sent", "created_at": "2024-05-31T11:36:27.293Z", "updated_at": "2024-05-31T12:12:33.101Z"}}, {"model": "Manufacturing.manufacturingorder", "pk": 72, "fields": {"sales_order_item": 10, "product_id": 3, "quantity": 1, "bom": 3, "status": "mr_sent", "created_at": "2024-05-31T15:01:47.351Z", "updated_at": "2024-05-31T15:01:53.488Z"}}, {"model": "Manufacturing.manufacturingorder", "pk": 73, "fields": {"sales_order_item": 10, "product_id": 3, "quantity": 1, "bom": 3, "status": "in_production", "created_at": "2024-05-31T15:24:50.529Z", "updated_at": "2024-05-31T15:25:59.962Z"}}, {"model": "Manufacturing.manufacturingorder", "pk": 74, "fields": {"sales_order_item": 11, "product_id": 3, "quantity": 1, "bom": 3, "status": "mr_approved", "created_at": "2024-06-01T04:23:40.200Z", "updated_at": "2024-06-01T13:54:38.493Z"}}, {"model": "Manufacturing.manufacturingorder", "pk": 75, "fields": {"sales_order_item": 12, "product_id": 2, "quantity": 2, "bom": 2, "status": "mr_approved", "created_at": "2024-06-01T13:54:02.390Z", "updated_at": "2024-06-01T16:36:31.629Z"}}, {"model": "Manufacturing.manufacturingorder", "pk": 76, "fields": {"sales_order_item": 12, "product_id": 2, "quantity": 2, "bom": 2, "status": "mr_approved", "created_at": "2024-06-01T13:54:02.390Z", "updated_at": "2024-06-01T13:55:42.317Z"}}, {"model": "Manufacturing.manufacturingorder", "pk": 77, "fields": {"sales_order_item": 12, "product_id": 2, "quantity": 2, "bom": 2, "status": "pending", "created_at": "2024-06-01T16:37:12.655Z", "updated_at": "2024-06-01T16:37:12.655Z"}}, {"model": "Manufacturing.manufacturingorder", "pk": 78, "fields": {"sales_order_item": 12, "product_id": 2, "quantity": 2, "bom": 2, "status": "pending", "created_at": "2024-06-01T16:37:12.671Z", "updated_at": "2024-06-01T16:37:12.671Z"}}, {"model": "Manufacturing.manufacturingorder", "pk": 79, "fields": {"sales_order_item": 12, "product_id": 2, "quantity": 2, "bom": 2, "status": "mr_approved", "created_at": "2024-06-01T16:37:13.924Z", "updated_at": "2024-06-01T16:38:50.609Z"}}, {"model": "Manufacturing.manufacturingorder", "pk": 80, "fields": {"sales_order_item": 12, "product_id": 2, "quantity": 2, "bom": 2, "status": "mr_approved", "created_at": "2024-06-01T16:37:13.939Z", "updated_at": "2024-06-01T16:37:25.648Z"}}, {"model": "Manufacturing.manufacturingorder", "pk": 81, "fields": {"sales_order_item": 14, "product_id": 2, "quantity": 4, "bom": 2, "status": "mr_approved", "created_at": "2024-06-02T10:06:27.812Z", "updated_at": "2024-06-02T10:07:19.983Z"}}, {"model": "Manufacturing.manufacturingorder", "pk": 82, "fields": {"sales_order_item": 14, "product_id": 2, "quantity": 4, "bom": 2, "status": "mr_approved", "created_at": "2024-06-02T10:06:27.812Z", "updated_at": "2024-06-02T10:07:01.104Z"}}, {"model": "Manufacturing.manufacturingorder", "pk": 83, "fields": {"sales_order_item": 14, "product_id": 2, "quantity": 4, "bom": 2, "status": "pending", "created_at": "2024-06-02T10:10:01.855Z", "updated_at": "2024-06-02T10:10:01.855Z"}}, {"model": "Manufacturing.manufacturingorder", "pk": 84, "fields": {"sales_order_item": 14, "product_id": 2, "quantity": 4, "bom": 2, "status": "mr_sent", "created_at": "2024-06-02T10:10:01.875Z", "updated_at": "2024-06-02T10:42:33.238Z"}}, {"model": "Manufacturing.manufacturingorder", "pk": 85, "fields": {"sales_order_item": 16, "product_id": 1, "quantity": 4, "bom": 1, "status": "pending", "created_at": "2024-06-03T07:06:03.288Z", "updated_at": "2024-06-03T07:06:03.288Z"}}, {"model": "Manufacturing.manufacturingorder", "pk": 86, "fields": {"sales_order_item": 16, "product_id": 1, "quantity": 4, "bom": 1, "status": "completed", "created_at": "2024-06-03T07:06:03.329Z", "updated_at": "2024-06-03T07:07:00.397Z"}}, {"model": "Manufacturing.materialrequisition", "pk": 38, "fields": {"manufacturing_order": 30, "bom": 2, "status": "approved", "created_at": "2024-05-23T06:54:28.310Z", "updated_at": "2024-05-23T06:54:46.547Z"}}, {"model": "Manufacturing.materialrequisition", "pk": 40, "fields": {"manufacturing_order": 32, "bom": 2, "status": "approved", "created_at": "2024-05-25T03:28:31.224Z", "updated_at": "2024-05-25T03:28:37.429Z"}}, {"model": "Manufacturing.materialrequisition", "pk": 41, "fields": {"manufacturing_order": 34, "bom": 2, "status": "approved", "created_at": "2024-05-25T03:53:01.441Z", "updated_at": "2024-05-25T03:53:08.647Z"}}, {"model": "Manufacturing.materialrequisition", "pk": 42, "fields": {"manufacturing_order": 33, "bom": 2, "status": "approved", "created_at": "2024-05-25T03:53:50.711Z", "updated_at": "2024-05-25T04:40:47.659Z"}}, {"model": "Manufacturing.materialrequisition", "pk": 43, "fields": {"manufacturing_order": 31, "bom": 2, "status": "approved", "created_at": "2024-05-25T04:41:06.446Z", "updated_at": "2024-05-25T04:41:21.128Z"}}, {"model": "Manufacturing.materialrequisition", "pk": 44, "fields": {"manufacturing_order": 35, "bom": 3, "status": "approved", "created_at": "2024-05-25T04:43:54.815Z", "updated_at": "2024-05-25T08:25:45.465Z"}}, {"model": "Manufacturing.materialrequisition", "pk": 45, "fields": {"manufacturing_order": 36, "bom": 3, "status": "pending", "created_at": "2024-05-25T17:40:24.809Z", "updated_at": "2024-05-25T17:40:24.809Z"}}, {"model": "Manufacturing.materialrequisition", "pk": 46, "fields": {"manufacturing_order": 36, "bom": 3, "status": "pending", "created_at": "2024-05-25T17:52:22.715Z", "updated_at": "2024-05-25T17:52:22.715Z"}}, {"model": "Manufacturing.materialrequisition", "pk": 47, "fields": {"manufacturing_order": 37, "bom": 3, "status": "approved", "created_at": "2024-05-25T17:59:08.397Z", "updated_at": "2024-05-25T18:15:30.446Z"}}, {"model": "Manufacturing.materialrequisition", "pk": 48, "fields": {"manufacturing_order": 38, "bom": 3, "status": "approved", "created_at": "2024-05-25T17:59:31.089Z", "updated_at": "2024-05-25T18:13:53.621Z"}}, {"model": "Manufacturing.materialrequisition", "pk": 49, "fields": {"manufacturing_order": 38, "bom": 3, "status": "approved", "created_at": "2024-05-25T17:59:32.773Z", "updated_at": "2024-05-25T18:13:29.128Z"}}, {"model": "Manufacturing.materialrequisition", "pk": 50, "fields": {"manufacturing_order": 40, "bom": 2, "status": "approved", "created_at": "2024-05-25T18:01:08.336Z", "updated_at": "2024-05-25T18:12:54.123Z"}}, {"model": "Manufacturing.materialrequisition", "pk": 51, "fields": {"manufacturing_order": 39, "bom": 2, "status": "approved", "created_at": "2024-05-25T18:03:08.359Z", "updated_at": "2024-05-25T18:12:37.085Z"}}, {"model": "Manufacturing.materialrequisition", "pk": 52, "fields": {"manufacturing_order": 41, "bom": 3, "status": "approved", "created_at": "2024-05-25T18:03:53.820Z", "updated_at": "2024-05-25T18:07:42.159Z"}}, {"model": "Manufacturing.materialrequisition", "pk": 53, "fields": {"manufacturing_order": 42, "bom": 3, "status": "approved", "created_at": "2024-05-25T18:22:33.942Z", "updated_at": "2024-05-25T18:34:49.268Z"}}, {"model": "Manufacturing.materialrequisition", "pk": 54, "fields": {"manufacturing_order": 43, "bom": 2, "status": "approved", "created_at": "2024-05-25T18:36:59.981Z", "updated_at": "2024-05-25T18:37:30.761Z"}}, {"model": "Manufacturing.materialrequisition", "pk": 55, "fields": {"manufacturing_order": 44, "bom": 2, "status": "approved", "created_at": "2024-05-25T18:46:58.056Z", "updated_at": "2024-05-25T18:47:12.621Z"}}, {"model": "Manufacturing.materialrequisition", "pk": 56, "fields": {"manufacturing_order": 45, "bom": 3, "status": "approved", "created_at": "2024-05-25T18:53:06.210Z", "updated_at": "2024-05-25T18:53:12.468Z"}}, {"model": "Manufacturing.materialrequisition", "pk": 57, "fields": {"manufacturing_order": 46, "bom": 3, "status": "approved", "created_at": "2024-05-25T18:59:09.392Z", "updated_at": "2024-05-25T18:59:37.956Z"}}, {"model": "Manufacturing.materialrequisition", "pk": 58, "fields": {"manufacturing_order": 47, "bom": 3, "status": "approved", "created_at": "2024-05-25T19:11:24.452Z", "updated_at": "2024-05-25T19:11:55.400Z"}}, {"model": "Manufacturing.materialrequisition", "pk": 59, "fields": {"manufacturing_order": 48, "bom": 3, "status": "approved", "created_at": "2024-05-25T19:14:13.604Z", "updated_at": "2024-05-25T19:16:08.614Z"}}, {"model": "Manufacturing.materialrequisition", "pk": 60, "fields": {"manufacturing_order": 50, "bom": 3, "status": "approved", "created_at": "2024-05-26T08:41:01.125Z", "updated_at": "2024-05-26T08:41:10.453Z"}}, {"model": "Manufacturing.materialrequisition", "pk": 61, "fields": {"manufacturing_order": 49, "bom": 3, "status": "approved", "created_at": "2024-05-26T08:48:00.870Z", "updated_at": "2024-05-26T08:48:25.180Z"}}, {"model": "Manufacturing.materialrequisition", "pk": 62, "fields": {"manufacturing_order": 51, "bom": 2, "status": "approved", "created_at": "2024-05-26T11:20:36.393Z", "updated_at": "2024-05-26T11:26:47.590Z"}}, {"model": "Manufacturing.materialrequisition", "pk": 63, "fields": {"manufacturing_order": 52, "bom": 3, "status": "approved", "created_at": "2024-05-26T16:25:38.864Z", "updated_at": "2024-05-29T11:26:02.622Z"}}, {"model": "Manufacturing.materialrequisition", "pk": 64, "fields": {"manufacturing_order": 53, "bom": 3, "status": "approved", "created_at": "2024-05-26T16:29:03.820Z", "updated_at": "2024-05-29T11:25:21.795Z"}}, {"model": "Manufacturing.materialrequisition", "pk": 65, "fields": {"manufacturing_order": 54, "bom": 3, "status": "approved", "created_at": "2024-05-26T16:30:48.153Z", "updated_at": "2024-05-29T11:25:09.763Z"}}, {"model": "Manufacturing.materialrequisition", "pk": 66, "fields": {"manufacturing_order": 55, "bom": 3, "status": "approved", "created_at": "2024-05-26T16:32:51.638Z", "updated_at": "2024-05-29T11:24:50.158Z"}}, {"model": "Manufacturing.materialrequisition", "pk": 67, "fields": {"manufacturing_order": 56, "bom": 3, "status": "approved", "created_at": "2024-05-26T16:33:33.349Z", "updated_at": "2024-05-29T11:24:11.284Z"}}, {"model": "Manufacturing.materialrequisition", "pk": 68, "fields": {"manufacturing_order": 57, "bom": 3, "status": "approved", "created_at": "2024-05-26T16:36:23.873Z", "updated_at": "2024-05-26T16:36:31.546Z"}}, {"model": "Manufacturing.materialrequisition", "pk": 69, "fields": {"manufacturing_order": 58, "bom": 3, "status": "approved", "created_at": "2024-05-29T12:11:11.382Z", "updated_at": "2024-05-29T12:13:23.426Z"}}, {"model": "Manufacturing.materialrequisition", "pk": 70, "fields": {"manufacturing_order": 59, "bom": 3, "status": "approved", "created_at": "2024-05-29T12:17:25.929Z", "updated_at": "2024-05-29T12:19:00.348Z"}}, {"model": "Manufacturing.materialrequisition", "pk": 71, "fields": {"manufacturing_order": 65, "bom": 2, "status": "approved", "created_at": "2024-05-29T12:21:27.561Z", "updated_at": "2024-05-29T12:21:52.174Z"}}, {"model": "Manufacturing.materialrequisition", "pk": 72, "fields": {"manufacturing_order": 64, "bom": 2, "status": "approved", "created_at": "2024-05-29T12:25:37.589Z", "updated_at": "2024-05-29T12:26:18.584Z"}}, {"model": "Manufacturing.materialrequisition", "pk": 73, "fields": {"manufacturing_order": 63, "bom": 2, "status": "approved", "created_at": "2024-05-29T12:29:55.310Z", "updated_at": "2024-05-29T12:30:33.483Z"}}, {"model": "Manufacturing.materialrequisition", "pk": 74, "fields": {"manufacturing_order": 62, "bom": 2, "status": "approved", "created_at": "2024-05-29T12:50:56.015Z", "updated_at": "2024-05-29T12:54:28.021Z"}}, {"model": "Manufacturing.materialrequisition", "pk": 75, "fields": {"manufacturing_order": 60, "bom": 2, "status": "approved", "created_at": "2024-05-29T12:57:11.546Z", "updated_at": "2024-05-29T12:57:28.834Z"}}, {"model": "Manufacturing.materialrequisition", "pk": 76, "fields": {"manufacturing_order": 66, "bom": 3, "status": "approved", "created_at": "2024-05-29T13:01:45.116Z", "updated_at": "2024-05-31T11:35:54.658Z"}}, {"model": "Manufacturing.materialrequisition", "pk": 77, "fields": {"manufacturing_order": 67, "bom": 3, "status": "approved", "created_at": "2024-05-29T14:52:25.327Z", "updated_at": "2024-05-31T11:36:02.634Z"}}, {"model": "Manufacturing.materialrequisition", "pk": 78, "fields": {"manufacturing_order": 68, "bom": 3, "status": "approved", "created_at": "2024-05-29T14:53:46.732Z", "updated_at": "2024-05-31T11:35:42.042Z"}}, {"model": "Manufacturing.materialrequisition", "pk": 79, "fields": {"manufacturing_order": 69, "bom": 3, "status": "approved", "created_at": "2024-05-30T17:15:50.944Z", "updated_at": "2024-05-31T11:34:16.232Z"}}, {"model": "Manufacturing.materialrequisition", "pk": 80, "fields": {"manufacturing_order": 70, "bom": 3, "status": "approved", "created_at": "2024-05-31T11:36:31.548Z", "updated_at": "2024-05-31T14:51:31.267Z"}}, {"model": "Manufacturing.materialrequisition", "pk": 81, "fields": {"manufacturing_order": 71, "bom": 3, "status": "approved", "created_at": "2024-05-31T12:12:33.085Z", "updated_at": "2024-05-31T14:56:37.952Z"}}, {"model": "Manufacturing.materialrequisition", "pk": 82, "fields": {"manufacturing_order": 72, "bom": 3, "status": "approved", "created_at": "2024-05-31T15:01:53.488Z", "updated_at": "2024-05-31T15:02:02.219Z"}}, {"model": "Manufacturing.materialrequisition", "pk": 83, "fields": {"manufacturing_order": 73, "bom": 3, "status": "approved", "created_at": "2024-05-31T15:24:55.627Z", "updated_at": "2024-05-31T15:25:43.990Z"}}, {"model": "Manufacturing.materialrequisition", "pk": 84, "fields": {"manufacturing_order": 75, "bom": 2, "status": "approved", "created_at": "2024-06-01T13:54:15.976Z", "updated_at": "2024-06-01T16:36:31.629Z"}}, {"model": "Manufacturing.materialrequisition", "pk": 85, "fields": {"manufacturing_order": 76, "bom": 2, "status": "approved", "created_at": "2024-06-01T13:54:19.758Z", "updated_at": "2024-06-01T13:55:42.317Z"}}, {"model": "Manufacturing.materialrequisition", "pk": 86, "fields": {"manufacturing_order": 74, "bom": 3, "status": "approved", "created_at": "2024-06-01T13:54:24.686Z", "updated_at": "2024-06-01T13:54:38.490Z"}}, {"model": "Manufacturing.materialrequisition", "pk": 87, "fields": {"manufacturing_order": 80, "bom": 2, "status": "partialy_approved", "created_at": "2024-06-01T16:37:17.559Z", "updated_at": "2024-06-01T16:37:25.648Z"}}, {"model": "Manufacturing.materialrequisition", "pk": 88, "fields": {"manufacturing_order": 79, "bom": 2, "status": "partialy_approved", "created_at": "2024-06-01T16:38:46.860Z", "updated_at": "2024-06-01T16:38:50.609Z"}}, {"model": "Manufacturing.materialrequisition", "pk": 89, "fields": {"manufacturing_order": 81, "bom": 2, "status": "partialy_approved", "created_at": "2024-06-02T10:06:42.560Z", "updated_at": "2024-06-02T10:07:19.983Z"}}, {"model": "Manufacturing.materialrequisition", "pk": 90, "fields": {"manufacturing_order": 82, "bom": 2, "status": "partialy_approved", "created_at": "2024-06-02T10:06:48.725Z", "updated_at": "2024-06-02T10:07:01.104Z"}}, {"model": "Manufacturing.materialrequisition", "pk": 91, "fields": {"manufacturing_order": 84, "bom": 2, "status": "pending", "created_at": "2024-06-02T10:42:33.217Z", "updated_at": "2024-06-02T10:42:33.236Z"}}, {"model": "Manufacturing.materialrequisition", "pk": 92, "fields": {"manufacturing_order": 86, "bom": 1, "status": "approved", "created_at": "2024-06-03T07:06:18.967Z", "updated_at": "2024-06-03T07:06:31.563Z"}}, {"model": "Manufacturing.materialrequisitionitem", "pk": 75, "fields": {"material_requisition": 38, "component": 1, "quantity": 9, "status": "pending"}}, {"model": "Manufacturing.materialrequisitionitem", "pk": 76, "fields": {"material_requisition": 38, "component": 3, "quantity": 9, "status": "pending"}}, {"model": "Manufacturing.materialrequisitionitem", "pk": 79, "fields": {"material_requisition": 40, "component": 1, "quantity": 9, "status": "pending"}}, {"model": "Manufacturing.materialrequisitionitem", "pk": 80, "fields": {"material_requisition": 40, "component": 3, "quantity": 9, "status": "pending"}}, {"model": "Manufacturing.materialrequisitionitem", "pk": 81, "fields": {"material_requisition": 41, "component": 1, "quantity": 9, "status": "pending"}}, {"model": "Manufacturing.materialrequisitionitem", "pk": 82, "fields": {"material_requisition": 41, "component": 3, "quantity": 9, "status": "pending"}}, {"model": "Manufacturing.materialrequisitionitem", "pk": 83, "fields": {"material_requisition": 42, "component": 1, "quantity": 9, "status": "pending"}}, {"model": "Manufacturing.materialrequisitionitem", "pk": 84, "fields": {"material_requisition": 42, "component": 3, "quantity": 9, "status": "pending"}}, {"model": "Manufacturing.materialrequisitionitem", "pk": 85, "fields": {"material_requisition": 43, "component": 1, "quantity": 9, "status": "pending"}}, {"model": "Manufacturing.materialrequisitionitem", "pk": 86, "fields": {"material_requisition": 43, "component": 3, "quantity": 9, "status": "pending"}}, {"model": "Manufacturing.materialrequisitionitem", "pk": 87, "fields": {"material_requisition": 44, "component": 2, "quantity": 12, "status": "pending"}}, {"model": "Manufacturing.materialrequisitionitem", "pk": 88, "fields": {"material_requisition": 44, "component": 3, "quantity": 12, "status": "pending"}}, {"model": "Manufacturing.materialrequisitionitem", "pk": 89, "fields": {"material_requisition": 45, "component": 2, "quantity": 12, "status": "pending"}}, {"model": "Manufacturing.materialrequisitionitem", "pk": 90, "fields": {"material_requisition": 45, "component": 3, "quantity": 12, "status": "pending"}}, {"model": "Manufacturing.materialrequisitionitem", "pk": 91, "fields": {"material_requisition": 46, "component": 2, "quantity": 12, "status": "pending"}}, {"model": "Manufacturing.materialrequisitionitem", "pk": 92, "fields": {"material_requisition": 46, "component": 3, "quantity": 12, "status": "pending"}}, {"model": "Manufacturing.materialrequisitionitem", "pk": 93, "fields": {"material_requisition": 47, "component": 2, "quantity": 4, "status": "pending"}}, {"model": "Manufacturing.materialrequisitionitem", "pk": 94, "fields": {"material_requisition": 47, "component": 3, "quantity": 4, "status": "pending"}}, {"model": "Manufacturing.materialrequisitionitem", "pk": 95, "fields": {"material_requisition": 48, "component": 2, "quantity": 4, "status": "pending"}}, {"model": "Manufacturing.materialrequisitionitem", "pk": 96, "fields": {"material_requisition": 48, "component": 3, "quantity": 4, "status": "pending"}}, {"model": "Manufacturing.materialrequisitionitem", "pk": 97, "fields": {"material_requisition": 49, "component": 2, "quantity": 4, "status": "pending"}}, {"model": "Manufacturing.materialrequisitionitem", "pk": 98, "fields": {"material_requisition": 49, "component": 3, "quantity": 4, "status": "pending"}}, {"model": "Manufacturing.materialrequisitionitem", "pk": 99, "fields": {"material_requisition": 50, "component": 1, "quantity": 9, "status": "pending"}}, {"model": "Manufacturing.materialrequisitionitem", "pk": 100, "fields": {"material_requisition": 50, "component": 3, "quantity": 9, "status": "pending"}}, {"model": "Manufacturing.materialrequisitionitem", "pk": 101, "fields": {"material_requisition": 51, "component": 1, "quantity": 9, "status": "pending"}}, {"model": "Manufacturing.materialrequisitionitem", "pk": 102, "fields": {"material_requisition": 51, "component": 3, "quantity": 9, "status": "pending"}}, {"model": "Manufacturing.materialrequisitionitem", "pk": 103, "fields": {"material_requisition": 52, "component": 2, "quantity": 12, "status": "pending"}}, {"model": "Manufacturing.materialrequisitionitem", "pk": 104, "fields": {"material_requisition": 52, "component": 3, "quantity": 12, "status": "pending"}}, {"model": "Manufacturing.materialrequisitionitem", "pk": 105, "fields": {"material_requisition": 53, "component": 2, "quantity": 12, "status": "pending"}}, {"model": "Manufacturing.materialrequisitionitem", "pk": 106, "fields": {"material_requisition": 53, "component": 3, "quantity": 12, "status": "pending"}}, {"model": "Manufacturing.materialrequisitionitem", "pk": 107, "fields": {"material_requisition": 54, "component": 1, "quantity": 9, "status": "pending"}}, {"model": "Manufacturing.materialrequisitionitem", "pk": 108, "fields": {"material_requisition": 54, "component": 3, "quantity": 9, "status": "pending"}}, {"model": "Manufacturing.materialrequisitionitem", "pk": 109, "fields": {"material_requisition": 55, "component": 1, "quantity": 9, "status": "pending"}}, {"model": "Manufacturing.materialrequisitionitem", "pk": 110, "fields": {"material_requisition": 55, "component": 3, "quantity": 9, "status": "pending"}}, {"model": "Manufacturing.materialrequisitionitem", "pk": 111, "fields": {"material_requisition": 56, "component": 2, "quantity": 4, "status": "pending"}}, {"model": "Manufacturing.materialrequisitionitem", "pk": 112, "fields": {"material_requisition": 56, "component": 3, "quantity": 4, "status": "pending"}}, {"model": "Manufacturing.materialrequisitionitem", "pk": 113, "fields": {"material_requisition": 57, "component": 2, "quantity": 4, "status": "pending"}}, {"model": "Manufacturing.materialrequisitionitem", "pk": 114, "fields": {"material_requisition": 57, "component": 3, "quantity": 4, "status": "pending"}}, {"model": "Manufacturing.materialrequisitionitem", "pk": 115, "fields": {"material_requisition": 58, "component": 2, "quantity": 4, "status": "pending"}}, {"model": "Manufacturing.materialrequisitionitem", "pk": 116, "fields": {"material_requisition": 58, "component": 3, "quantity": 4, "status": "pending"}}, {"model": "Manufacturing.materialrequisitionitem", "pk": 117, "fields": {"material_requisition": 59, "component": 2, "quantity": 4, "status": "pending"}}, {"model": "Manufacturing.materialrequisitionitem", "pk": 118, "fields": {"material_requisition": 59, "component": 3, "quantity": 4, "status": "pending"}}, {"model": "Manufacturing.materialrequisitionitem", "pk": 119, "fields": {"material_requisition": 60, "component": 2, "quantity": 4, "status": "pending"}}, {"model": "Manufacturing.materialrequisitionitem", "pk": 120, "fields": {"material_requisition": 60, "component": 3, "quantity": 4, "status": "pending"}}, {"model": "Manufacturing.materialrequisitionitem", "pk": 121, "fields": {"material_requisition": 61, "component": 2, "quantity": 4, "status": "pending"}}, {"model": "Manufacturing.materialrequisitionitem", "pk": 122, "fields": {"material_requisition": 61, "component": 3, "quantity": 4, "status": "pending"}}, {"model": "Manufacturing.materialrequisitionitem", "pk": 123, "fields": {"material_requisition": 62, "component": 1, "quantity": 5, "status": "pending"}}, {"model": "Manufacturing.materialrequisitionitem", "pk": 124, "fields": {"material_requisition": 63, "component": 2, "quantity": 4, "status": "pending"}}, {"model": "Manufacturing.materialrequisitionitem", "pk": 125, "fields": {"material_requisition": 63, "component": 3, "quantity": 4, "status": "pending"}}, {"model": "Manufacturing.materialrequisitionitem", "pk": 126, "fields": {"material_requisition": 64, "component": 2, "quantity": 4, "status": "pending"}}, {"model": "Manufacturing.materialrequisitionitem", "pk": 127, "fields": {"material_requisition": 64, "component": 3, "quantity": 4, "status": "pending"}}, {"model": "Manufacturing.materialrequisitionitem", "pk": 128, "fields": {"material_requisition": 65, "component": 2, "quantity": 4, "status": "pending"}}, {"model": "Manufacturing.materialrequisitionitem", "pk": 129, "fields": {"material_requisition": 65, "component": 3, "quantity": 4, "status": "pending"}}, {"model": "Manufacturing.materialrequisitionitem", "pk": 130, "fields": {"material_requisition": 66, "component": 2, "quantity": 4, "status": "pending"}}, {"model": "Manufacturing.materialrequisitionitem", "pk": 131, "fields": {"material_requisition": 66, "component": 3, "quantity": 4, "status": "pending"}}, {"model": "Manufacturing.materialrequisitionitem", "pk": 132, "fields": {"material_requisition": 67, "component": 2, "quantity": 4, "status": "pending"}}, {"model": "Manufacturing.materialrequisitionitem", "pk": 133, "fields": {"material_requisition": 67, "component": 3, "quantity": 4, "status": "pending"}}, {"model": "Manufacturing.materialrequisitionitem", "pk": 134, "fields": {"material_requisition": 68, "component": 2, "quantity": 4, "status": "pending"}}, {"model": "Manufacturing.materialrequisitionitem", "pk": 135, "fields": {"material_requisition": 68, "component": 3, "quantity": 4, "status": "pending"}}, {"model": "Manufacturing.materialrequisitionitem", "pk": 136, "fields": {"material_requisition": 69, "component": 2, "quantity": 4, "status": "pending"}}, {"model": "Manufacturing.materialrequisitionitem", "pk": 137, "fields": {"material_requisition": 69, "component": 3, "quantity": 4, "status": "pending"}}, {"model": "Manufacturing.materialrequisitionitem", "pk": 138, "fields": {"material_requisition": 70, "component": 2, "quantity": 4, "status": "pending"}}, {"model": "Manufacturing.materialrequisitionitem", "pk": 139, "fields": {"material_requisition": 70, "component": 3, "quantity": 4, "status": "pending"}}, {"model": "Manufacturing.materialrequisitionitem", "pk": 140, "fields": {"material_requisition": 71, "component": 1, "quantity": 9, "status": "pending"}}, {"model": "Manufacturing.materialrequisitionitem", "pk": 141, "fields": {"material_requisition": 71, "component": 3, "quantity": 9, "status": "pending"}}, {"model": "Manufacturing.materialrequisitionitem", "pk": 142, "fields": {"material_requisition": 72, "component": 1, "quantity": 9, "status": "pending"}}, {"model": "Manufacturing.materialrequisitionitem", "pk": 143, "fields": {"material_requisition": 72, "component": 3, "quantity": 9, "status": "pending"}}, {"model": "Manufacturing.materialrequisitionitem", "pk": 144, "fields": {"material_requisition": 73, "component": 1, "quantity": 9, "status": "pending"}}, {"model": "Manufacturing.materialrequisitionitem", "pk": 145, "fields": {"material_requisition": 73, "component": 3, "quantity": 9, "status": "pending"}}, {"model": "Manufacturing.materialrequisitionitem", "pk": 146, "fields": {"material_requisition": 74, "component": 1, "quantity": 9, "status": "pending"}}, {"model": "Manufacturing.materialrequisitionitem", "pk": 147, "fields": {"material_requisition": 74, "component": 3, "quantity": 9, "status": "pending"}}, {"model": "Manufacturing.materialrequisitionitem", "pk": 148, "fields": {"material_requisition": 75, "component": 1, "quantity": 9, "status": "pending"}}, {"model": "Manufacturing.materialrequisitionitem", "pk": 149, "fields": {"material_requisition": 75, "component": 3, "quantity": 9, "status": "pending"}}, {"model": "Manufacturing.materialrequisitionitem", "pk": 150, "fields": {"material_requisition": 76, "component": 2, "quantity": 4, "status": "approved"}}, {"model": "Manufacturing.materialrequisitionitem", "pk": 151, "fields": {"material_requisition": 76, "component": 3, "quantity": 4, "status": "approved"}}, {"model": "Manufacturing.materialrequisitionitem", "pk": 152, "fields": {"material_requisition": 77, "component": 2, "quantity": 4, "status": "approved"}}, {"model": "Manufacturing.materialrequisitionitem", "pk": 153, "fields": {"material_requisition": 77, "component": 3, "quantity": 4, "status": "approved"}}, {"model": "Manufacturing.materialrequisitionitem", "pk": 154, "fields": {"material_requisition": 78, "component": 2, "quantity": 4, "status": "approved"}}, {"model": "Manufacturing.materialrequisitionitem", "pk": 155, "fields": {"material_requisition": 78, "component": 3, "quantity": 4, "status": "approved"}}, {"model": "Manufacturing.materialrequisitionitem", "pk": 156, "fields": {"material_requisition": 79, "component": 2, "quantity": 4, "status": "approved"}}, {"model": "Manufacturing.materialrequisitionitem", "pk": 157, "fields": {"material_requisition": 79, "component": 3, "quantity": 4, "status": "approved"}}, {"model": "Manufacturing.materialrequisitionitem", "pk": 158, "fields": {"material_requisition": 80, "component": 2, "quantity": 12, "status": "approved"}}, {"model": "Manufacturing.materialrequisitionitem", "pk": 159, "fields": {"material_requisition": 80, "component": 3, "quantity": 12, "status": "approved"}}, {"model": "Manufacturing.materialrequisitionitem", "pk": 160, "fields": {"material_requisition": 81, "component": 2, "quantity": 12, "status": "approved"}}, {"model": "Manufacturing.materialrequisitionitem", "pk": 161, "fields": {"material_requisition": 81, "component": 3, "quantity": 12, "status": "approved"}}, {"model": "Manufacturing.materialrequisitionitem", "pk": 162, "fields": {"material_requisition": 82, "component": 2, "quantity": 4, "status": "approved"}}, {"model": "Manufacturing.materialrequisitionitem", "pk": 163, "fields": {"material_requisition": 82, "component": 3, "quantity": 4, "status": "approved"}}, {"model": "Manufacturing.materialrequisitionitem", "pk": 164, "fields": {"material_requisition": 83, "component": 2, "quantity": 4, "status": "approved"}}, {"model": "Manufacturing.materialrequisitionitem", "pk": 165, "fields": {"material_requisition": 83, "component": 3, "quantity": 4, "status": "approved"}}, {"model": "Manufacturing.materialrequisitionitem", "pk": 166, "fields": {"material_requisition": 84, "component": 1, "quantity": 6, "status": "approved"}}, {"model": "Manufacturing.materialrequisitionitem", "pk": 167, "fields": {"material_requisition": 84, "component": 3, "quantity": 6, "status": "approved"}}, {"model": "Manufacturing.materialrequisitionitem", "pk": 168, "fields": {"material_requisition": 85, "component": 1, "quantity": 6, "status": "approved"}}, {"model": "Manufacturing.materialrequisitionitem", "pk": 169, "fields": {"material_requisition": 85, "component": 3, "quantity": 6, "status": "approved"}}, {"model": "Manufacturing.materialrequisitionitem", "pk": 170, "fields": {"material_requisition": 86, "component": 2, "quantity": 4, "status": "approved"}}, {"model": "Manufacturing.materialrequisitionitem", "pk": 171, "fields": {"material_requisition": 86, "component": 3, "quantity": 4, "status": "approved"}}, {"model": "Manufacturing.materialrequisitionitem", "pk": 172, "fields": {"material_requisition": 87, "component": 1, "quantity": 6, "status": "approved"}}, {"model": "Manufacturing.materialrequisitionitem", "pk": 173, "fields": {"material_requisition": 87, "component": 3, "quantity": 6, "status": "pending"}}, {"model": "Manufacturing.materialrequisitionitem", "pk": 174, "fields": {"material_requisition": 88, "component": 1, "quantity": 6, "status": "approved"}}, {"model": "Manufacturing.materialrequisitionitem", "pk": 175, "fields": {"material_requisition": 88, "component": 3, "quantity": 6, "status": "pending"}}, {"model": "Manufacturing.materialrequisitionitem", "pk": 176, "fields": {"material_requisition": 89, "component": 1, "quantity": 12, "status": "approved"}}, {"model": "Manufacturing.materialrequisitionitem", "pk": 177, "fields": {"material_requisition": 89, "component": 3, "quantity": 12, "status": "pending"}}, {"model": "Manufacturing.materialrequisitionitem", "pk": 178, "fields": {"material_requisition": 90, "component": 1, "quantity": 12, "status": "approved"}}, {"model": "Manufacturing.materialrequisitionitem", "pk": 179, "fields": {"material_requisition": 90, "component": 3, "quantity": 12, "status": "pending"}}, {"model": "Manufacturing.materialrequisitionitem", "pk": 180, "fields": {"material_requisition": 91, "component": 1, "quantity": 12, "status": "pending"}}, {"model": "Manufacturing.materialrequisitionitem", "pk": 181, "fields": {"material_requisition": 91, "component": 3, "quantity": 12, "status": "pending"}}, {"model": "Manufacturing.materialrequisitionitem", "pk": 182, "fields": {"material_requisition": 92, "component": 1, "quantity": 20, "status": "approved"}}, {"model": "Manufacturing.billofmaterial", "pk": 1, "fields": {"name": "test", "product": 1, "created_at": "2024-05-21T17:48:45.002Z", "updated_at": "2024-05-21T17:48:45.002Z"}}, {"model": "Manufacturing.billofmaterial", "pk": 2, "fields": {"name": "Product 01", "product": 2, "created_at": "2024-05-21T18:14:37.365Z", "updated_at": "2024-05-21T18:14:37.365Z"}}, {"model": "Manufacturing.billofmaterial", "pk": 3, "fields": {"name": "Product 02", "product": 3, "created_at": "2024-05-21T18:14:54.633Z", "updated_at": "2024-05-21T18:14:54.633Z"}}, {"model": "Manufacturing.billofmaterial", "pk": 4, "fields": {"name": "test BOM", "product": 1, "created_at": "2024-06-03T07:30:36.252Z", "updated_at": "2024-06-03T07:30:36.252Z"}}, {"model": "Manufacturing.bomitem", "pk": 1, "fields": {"bill_of_material": 1, "component": 1, "quantity": 5}}, {"model": "Manufacturing.bomitem", "pk": 2, "fields": {"bill_of_material": 2, "component": 1, "quantity": 3}}, {"model": "Manufacturing.bomitem", "pk": 3, "fields": {"bill_of_material": 2, "component": 3, "quantity": 3}}, {"model": "Manufacturing.bomitem", "pk": 4, "fields": {"bill_of_material": 3, "component": 2, "quantity": 4}}, {"model": "Manufacturing.bomitem", "pk": 5, "fields": {"bill_of_material": 3, "component": 3, "quantity": 4}}, {"model": "Manufacturing.bomitem", "pk": 6, "fields": {"bill_of_material": 4, "component": 2, "quantity": 1}}, {"model": "Manufacturing.bomitem", "pk": 7, "fields": {"bill_of_material": 4, "component": 4, "quantity": 3}}, {"model": "Inventory.supplier", "pk": 1, "fields": {"name": "Supplier one", "email": "Supplier@gmail.com", "address": "341\r\nKurunagala Road", "website": null, "date_added": "2024-05-21T18:08:33.533Z", "is_active": true, "notes": "note"}}, {"model": "Inventory.supplier", "pk": 2, "fields": {"name": "ABB", "email": "info@abb.com", "address": "ABB Ltd, Affolternstrasse 44, 8050 Zurich, Switzerland", "website": "https://www.abb.com", "date_added": "2024-06-03T06:50:24.047Z", "is_active": true, "notes": "Global leader in power and automation technologies."}}, {"model": "Inventory.supplier", "pk": 3, "fields": {"name": "SMA", "email": "info@sma.de", "address": "Sonnenallee 1, 34266 Niestetal, Germany", "website": "https://www.sma.de", "date_added": "2024-06-03T06:50:24.063Z", "is_active": true, "notes": "Leading global specialist for photovoltaic system technology."}}, {"model": "Inventory.supplier", "pk": 4, "fields": {"name": "Lanka Power Solutions", "email": "info@lankapowersolutions.com", "address": "No. 28, 1st Lane, Koswatte, Thimbirigasyaya, Colombo 05, Sri Lanka", "website": "https://www.lankapowersolutions.com", "date_added": "2024-06-03T06:53:00.836Z", "is_active": true, "notes": "A leading provider of power solutions in Sri Lanka."}}, {"model": "Inventory.supplier", "pk": 5, "fields": {"name": "Solar Solutions (Pvt) Ltd", "email": "info@solarsolutions.lk", "address": "No. 120, Nawala Road, Narahenpita, Sri Lanka", "website": "https://www.solarsolutions.lk", "date_added": "2024-06-03T06:53:00.836Z", "is_active": true, "notes": "A pioneer in the renewable energy sector in Sri Lanka."}}, {"model": "Inventory.supplier", "pk": 6, "fields": {"name": "Eco Energy (Pvt) Ltd", "email": "info@ecoenergy.lk", "address": "No. 256, 1/1, Kotte Road, Welikada, Sri Lanka", "website": "https://www.ecoenergy.lk", "date_added": "2024-06-03T06:53:00.849Z", "is_active": true, "notes": "A trusted name in the field of renewable energy in Sri Lanka."}}, {"model": "Inventory.supplier", "pk": 7, "fields": {"name": "Green Power Solutions", "email": "info@greenpowersolutions.lk", "address": "No. 32, 4th Lane, Koswatte, Thimbirigasyaya, Colombo 05, Sri Lanka", "website": "https://www.greenpowersolutions.lk", "date_added": "2024-06-03T06:53:00.854Z", "is_active": true, "notes": "A provider of eco-friendly power solutions in Sri Lanka."}}, {"model": "Inventory.supplier", "pk": 8, "fields": {"name": "Sunshine Energy (Pvt) Ltd", "email": "info@sunshineenergy.lk", "address": "No. 110, Galle Road, Colombo 03, Sri Lanka", "website": "https://www.sunshineenergy.lk", "date_added": "2024-06-03T06:53:00.860Z", "is_active": true, "notes": "A specialist in solar power solutions in Sri Lanka."}}, {"model": "Inventory.supplier", "pk": 9, "fields": {"name": "Power Max (Pvt) Ltd", "email": "info@powermax.lk", "address": "No. 28, Staple Street, Colombo 02, Sri Lanka", "website": "https://www.powermax.lk", "date_added": "2024-06-03T06:53:00.867Z", "is_active": true, "notes": "A provider of a wide range of power solutions in Sri Lanka."}}, {"model": "Inventory.supplier", "pk": 10, "fields": {"name": "Energy Lanka (Pvt) Ltd", "email": "info@energylanka.lk", "address": "No. 44, Horton Place, Colombo 07, Sri Lanka", "website": "https://www.energylanka.lk", "date_added": "2024-06-03T06:53:00.868Z", "is_active": true, "notes": "A company dedicated to providing sustainable energy solutions in Sri Lanka."}}, {"model": "Inventory.supplier", "pk": 11, "fields": {"name": "Bright Power Solutions", "email": "info@brightpowersolutions.lk", "address": "No. 70, Malabe Road, Dehiwala, Sri Lanka", "website": "https://www.brightpowersolutions.lk", "date_added": "2024-06-03T06:53:00.868Z", "is_active": true, "notes": "A provider of bright and efficient power solutions in Sri Lanka."}}, {"model": "Inventory.supplier", "pk": 12, "fields": {"name": "Eco Tech Solutions", "email": "info@ecotechsolutions.lk", "address": "No. 32, Park Road, Colombo 05, Sri Lanka", "website": "https://www.ecotechsolutions.lk", "date_added": "2024-06-03T06:53:00.876Z", "is_active": true, "notes": "A company that combines technology and ecology to provide power solutions in Sri Lanka."}}, {"model": "Inventory.supplier", "pk": 13, "fields": {"name": "Green Energy Solutions", "email": "info@greenenergysolutions.lk", "address": "No. 56, Dharmapala Mawatha, Colombo 07, Sri Lanka", "website": "https://www.greenenergysolutions.lk", "date_added": "2024-06-03T06:53:00.881Z", "is_active": true, "notes": "A provider of green and sustainable energy solutions in Sri Lanka."}}, {"model": "Inventory.component", "pk": 1, "fields": {"name": "component 1", "description": "component 1 discription", "quantity": 356, "reorder_level": 500, "reorder_quantity": 200, "order_quantity": 0, "unit_of_measure": "pcs", "supplier": null, "cost": "100.00"}}, {"model": "Inventory.component", "pk": 2, "fields": {"name": "component 2", "description": "component detail", "quantity": 6, "reorder_level": 500, "reorder_quantity": 0, "order_quantity": 200, "unit_of_measure": "pcs", "supplier": null, "cost": "100.00"}}, {"model": "Inventory.component", "pk": 3, "fields": {"name": "component 3", "description": "component 2 component detail", "quantity": 1, "reorder_level": 200, "reorder_quantity": 0, "order_quantity": 0, "unit_of_measure": "pcs", "supplier": null, "cost": "100.00"}}, {"model": "Inventory.component", "pk": 4, "fields": {"name": "component 11", "description": "component", "quantity": 40, "reorder_level": 50, "reorder_quantity": 0, "order_quantity": 200, "unit_of_measure": "pcs", "supplier": null, "cost": "1000.00"}}, {"model": "Inventory.component", "pk": 5, "fields": {"name": "component four", "description": "test", "quantity": 40, "reorder_level": 50, "reorder_quantity": 100, "order_quantity": 200, "unit_of_measure": "pcs", "supplier": null, "cost": "1000.00"}}, {"model": "Inventory.component", "pk": 6, "fields": {"name": "component five", "description": "test", "quantity": 33, "reorder_level": 34, "reorder_quantity": 0, "order_quantity": 0, "unit_of_measure": "pcs", "supplier": null, "cost": "1000.00"}}, {"model": "Inventory.component", "pk": 9, "fields": {"name": "component 47", "description": "dasda", "quantity": 67, "reorder_level": 100, "reorder_quantity": 0, "order_quantity": 0, "unit_of_measure": "pcs", "supplier": null, "cost": "100.00"}}, {"model": "Inventory.purchaserequisition", "pk": 1, "fields": {"user": 1, "component": 1, "quantity": 100, "status": "fulfilled", "notes": "test", "created_at": "2024-05-22T15:52:51.220Z", "updated_at": "2024-05-26T10:13:36.259Z", "expected_delivery_date": "2024-05-31T15:52:45Z", "priority": "high"}}, {"model": "Inventory.purchaserequisition", "pk": 2, "fields": {"user": null, "component": 1, "quantity": 100, "status": "created", "notes": "test", "created_at": "2024-05-24T11:07:01.245Z", "updated_at": "2024-05-24T11:07:01.245Z", "expected_delivery_date": null, "priority": "high"}}, {"model": "Inventory.purchaserequisition", "pk": 3, "fields": {"user": null, "component": 2, "quantity": 100, "status": "approved", "notes": "test", "created_at": "2024-05-25T04:16:30.289Z", "updated_at": "2024-05-26T10:24:07.220Z", "expected_delivery_date": null, "priority": "high"}}, {"model": "Inventory.purchaserequisition", "pk": 4, "fields": {"user": null, "component": 2, "quantity": 6, "status": "created", "notes": "test", "created_at": "2024-05-25T05:02:48.955Z", "updated_at": "2024-05-25T05:02:48.955Z", "expected_delivery_date": null, "priority": "high"}}, {"model": "Inventory.purchaserequisition", "pk": 5, "fields": {"user": null, "component": 2, "quantity": 4, "status": "pending", "notes": "test", "created_at": "2024-05-25T05:03:05.907Z", "updated_at": "2024-05-26T10:41:19.473Z", "expected_delivery_date": null, "priority": "high"}}, {"model": "Inventory.purchaserequisition", "pk": 6, "fields": {"user": null, "component": 2, "quantity": 100, "status": "created", "notes": "test", "created_at": "2024-05-26T06:56:53.302Z", "updated_at": "2024-05-26T06:56:53.302Z", "expected_delivery_date": null, "priority": "medium"}}, {"model": "Inventory.purchaserequisition", "pk": 7, "fields": {"user": null, "component": 1, "quantity": 100, "status": "created", "notes": "test", "created_at": "2024-05-26T06:58:40.235Z", "updated_at": "2024-05-26T06:58:40.235Z", "expected_delivery_date": null, "priority": "high"}}, {"model": "Inventory.purchaserequisition", "pk": 8, "fields": {"user": null, "component": 2, "quantity": 12, "status": "created", "notes": "test", "created_at": "2024-05-26T10:16:12.103Z", "updated_at": "2024-05-26T10:16:12.103Z", "expected_delivery_date": null, "priority": "high"}}, {"model": "Inventory.purchaserequisition", "pk": 9, "fields": {"user": 1, "component": 2, "quantity": 0, "status": "pending", "notes": "", "created_at": "2024-05-30T18:10:56.946Z", "updated_at": "2024-05-30T18:10:56.946Z", "expected_delivery_date": null, "priority": "high"}}, {"model": "Inventory.purchaserequisition", "pk": 10, "fields": {"user": 1, "component": 3, "quantity": 0, "status": "pending", "notes": "", "created_at": "2024-05-30T18:10:56.966Z", "updated_at": "2024-05-30T18:10:56.966Z", "expected_delivery_date": null, "priority": "high"}}, {"model": "Inventory.purchaserequisition", "pk": 11, "fields": {"user": 1, "component": 2, "quantity": 0, "status": "pending", "notes": "", "created_at": "2024-05-30T18:11:50.930Z", "updated_at": "2024-05-30T18:11:50.930Z", "expected_delivery_date": null, "priority": "high"}}, {"model": "Inventory.purchaserequisition", "pk": 12, "fields": {"user": 1, "component": 3, "quantity": 0, "status": "pending", "notes": "", "created_at": "2024-05-30T18:11:50.951Z", "updated_at": "2024-05-30T18:11:50.951Z", "expected_delivery_date": null, "priority": "high"}}, {"model": "Inventory.purchaserequisition", "pk": 13, "fields": {"user": null, "component": 2, "quantity": 0, "status": "pending", "notes": "", "created_at": "2024-05-30T18:17:24.972Z", "updated_at": "2024-05-30T18:17:24.972Z", "expected_delivery_date": null, "priority": "high"}}, {"model": "Inventory.purchaserequisition", "pk": 14, "fields": {"user": null, "component": 3, "quantity": 0, "status": "pending", "notes": "", "created_at": "2024-05-30T18:17:25.013Z", "updated_at": "2024-05-30T18:17:25.013Z", "expected_delivery_date": null, "priority": "high"}}, {"model": "Inventory.purchaserequisition", "pk": 15, "fields": {"user": null, "component": 2, "quantity": 200, "status": "pending", "notes": "", "created_at": "2024-05-30T18:22:49.157Z", "updated_at": "2024-05-30T18:22:49.157Z", "expected_delivery_date": null, "priority": "high"}}, {"model": "Inventory.purchaserequisition", "pk": 16, "fields": {"user": null, "component": 3, "quantity": 0, "status": "pending", "notes": "", "created_at": "2024-05-30T18:22:49.179Z", "updated_at": "2024-05-30T18:22:49.179Z", "expected_delivery_date": null, "priority": "high"}}, {"model": "Inventory.purchaserequisition", "pk": 17, "fields": {"user": null, "component": 2, "quantity": 200, "status": "pending", "notes": "", "created_at": "2024-05-30T18:36:36.948Z", "updated_at": "2024-05-30T18:36:36.948Z", "expected_delivery_date": null, "priority": "high"}}, {"model": "Inventory.purchaserequisition", "pk": 18, "fields": {"user": null, "component": 3, "quantity": 0, "status": "pending", "notes": "", "created_at": "2024-05-30T18:36:36.998Z", "updated_at": "2024-05-30T18:36:36.998Z", "expected_delivery_date": null, "priority": "high"}}, {"model": "Inventory.purchaserequisition", "pk": 19, "fields": {"user": null, "component": 3, "quantity": 0, "status": "pending", "notes": "", "created_at": "2024-05-30T18:52:22.570Z", "updated_at": "2024-05-30T18:52:22.570Z", "expected_delivery_date": null, "priority": "high"}}, {"model": "Inventory.purchaserequisition", "pk": 20, "fields": {"user": null, "component": 2, "quantity": 200, "status": "pending", "notes": "", "created_at": "2024-05-31T10:28:53.756Z", "updated_at": "2024-05-31T10:28:53.756Z", "expected_delivery_date": null, "priority": "high"}}, {"model": "Inventory.purchaserequisition", "pk": 21, "fields": {"user": null, "component": 3, "quantity": 0, "status": "pending", "notes": "", "created_at": "2024-05-31T10:28:53.786Z", "updated_at": "2024-05-31T10:28:53.786Z", "expected_delivery_date": null, "priority": "high"}}, {"model": "Inventory.purchaserequisition", "pk": 22, "fields": {"user": null, "component": 2, "quantity": 200, "status": "pending", "notes": "", "created_at": "2024-05-31T10:44:34.778Z", "updated_at": "2024-05-31T10:44:34.778Z", "expected_delivery_date": null, "priority": "high"}}, {"model": "Inventory.purchaserequisition", "pk": 23, "fields": {"user": null, "component": 3, "quantity": 0, "status": "pending", "notes": "", "created_at": "2024-05-31T10:44:34.829Z", "updated_at": "2024-05-31T10:44:34.829Z", "expected_delivery_date": null, "priority": "high"}}, {"model": "Inventory.purchaserequisition", "pk": 24, "fields": {"user": null, "component": 2, "quantity": 200, "status": "pending", "notes": "", "created_at": "2024-05-31T11:15:03.141Z", "updated_at": "2024-05-31T11:15:03.141Z", "expected_delivery_date": null, "priority": "high"}}, {"model": "Inventory.purchaserequisition", "pk": 25, "fields": {"user": null, "component": 3, "quantity": 0, "status": "pending", "notes": "", "created_at": "2024-05-31T11:15:03.177Z", "updated_at": "2024-05-31T11:15:03.177Z", "expected_delivery_date": null, "priority": "high"}}, {"model": "Inventory.purchaserequisition", "pk": 26, "fields": {"user": null, "component": 2, "quantity": 200, "status": "pending", "notes": "", "created_at": "2024-05-31T11:36:40.691Z", "updated_at": "2024-05-31T11:36:40.691Z", "expected_delivery_date": null, "priority": "high"}}, {"model": "Inventory.purchaserequisition", "pk": 27, "fields": {"user": null, "component": 3, "quantity": 0, "status": "fulfilled", "notes": "", "created_at": "2024-05-31T11:36:40.725Z", "updated_at": "2024-05-31T14:16:23.521Z", "expected_delivery_date": null, "priority": "high"}}, {"model": "Inventory.purchaserequisition", "pk": 28, "fields": {"user": null, "component": 3, "quantity": 0, "status": "fulfilled", "notes": "", "created_at": "2024-05-31T11:37:16.082Z", "updated_at": "2024-05-31T12:12:53.725Z", "expected_delivery_date": null, "priority": "high"}}, {"model": "Inventory.purchaserequisition", "pk": 29, "fields": {"user": null, "component": 2, "quantity": 200, "status": "approved", "notes": "", "created_at": "2024-05-31T14:22:57.257Z", "updated_at": "2024-05-31T19:21:19.716Z", "expected_delivery_date": null, "priority": "high"}}, {"model": "Inventory.purchaserequisition", "pk": 30, "fields": {"user": null, "component": 3, "quantity": 0, "status": "approved", "notes": "", "created_at": "2024-05-31T14:22:57.293Z", "updated_at": "2024-05-31T19:45:10.313Z", "expected_delivery_date": null, "priority": "high"}}, {"model": "Inventory.purchaserequisition", "pk": 31, "fields": {"user": null, "component": 3, "quantity": 0, "status": "approved", "notes": "", "created_at": "2024-05-31T14:45:20.973Z", "updated_at": "2024-05-31T19:13:00.246Z", "expected_delivery_date": null, "priority": "high"}}, {"model": "Inventory.purchaserequisition", "pk": 32, "fields": {"user": null, "component": 3, "quantity": 0, "status": "approved", "notes": "", "created_at": "2024-05-31T14:50:46.220Z", "updated_at": "2024-05-31T18:58:19.074Z", "expected_delivery_date": null, "priority": "high"}}, {"model": "Inventory.purchaserequisition", "pk": 33, "fields": {"user": null, "component": 3, "quantity": 0, "status": "rejected", "notes": "", "created_at": "2024-05-31T14:51:18.272Z", "updated_at": "2024-05-31T18:57:34.891Z", "expected_delivery_date": null, "priority": "high"}}, {"model": "Inventory.purchaserequisition", "pk": 34, "fields": {"user": null, "component": 1, "quantity": 100, "status": "fulfilled", "notes": "test", "created_at": "2024-05-31T18:37:42.758Z", "updated_at": "2024-06-01T04:43:09.256Z", "expected_delivery_date": null, "priority": "medium"}}, {"model": "Inventory.purchaserequisition", "pk": 35, "fields": {"user": null, "component": 4, "quantity": 100, "status": "approved", "notes": "test", "created_at": "2024-06-01T04:45:29.435Z", "updated_at": "2024-06-01T05:24:31.995Z", "expected_delivery_date": null, "priority": "low"}}, {"model": "Inventory.purchaserequisition", "pk": 36, "fields": {"user": null, "component": 2, "quantity": 100, "status": "approved", "notes": "gfdgd", "created_at": "2024-06-01T13:41:31.231Z", "updated_at": "2024-06-01T13:41:41.592Z", "expected_delivery_date": null, "priority": "high"}}, {"model": "Inventory.purchaserequisition", "pk": 37, "fields": {"user": null, "component": 3, "quantity": 0, "status": "approved", "notes": "", "created_at": "2024-06-01T13:54:56.177Z", "updated_at": "2024-06-01T16:32:34.411Z", "expected_delivery_date": null, "priority": "high"}}, {"model": "Inventory.purchaserequisition", "pk": 38, "fields": {"user": null, "component": 1, "quantity": 100, "status": "approved", "notes": "test", "created_at": "2024-06-01T15:16:21.928Z", "updated_at": "2024-06-01T15:16:50.745Z", "expected_delivery_date": null, "priority": "high"}}, {"model": "Inventory.purchaserequisition", "pk": 39, "fields": {"user": null, "component": 3, "quantity": 0, "status": "fulfilled", "notes": "", "created_at": "2024-06-01T16:37:25.715Z", "updated_at": "2024-06-02T04:56:08.561Z", "expected_delivery_date": null, "priority": "high"}}, {"model": "Inventory.purchaserequisition", "pk": 40, "fields": {"user": null, "component": 3, "quantity": 0, "status": "fulfilled", "notes": "", "created_at": "2024-06-01T16:38:50.682Z", "updated_at": "2024-06-01T16:40:21.896Z", "expected_delivery_date": null, "priority": "high"}}, {"model": "Inventory.purchaserequisition", "pk": 41, "fields": {"user": null, "component": 3, "quantity": 0, "status": "approved", "notes": "", "created_at": "2024-06-01T20:07:13.312Z", "updated_at": "2024-06-01T20:07:33.120Z", "expected_delivery_date": null, "priority": "high"}}, {"model": "Inventory.purchaserequisition", "pk": 42, "fields": {"user": null, "component": 3, "quantity": 0, "status": "fulfilled", "notes": "", "created_at": "2024-06-01T20:07:24.208Z", "updated_at": "2024-06-01T21:23:14.207Z", "expected_delivery_date": null, "priority": "high"}}, {"model": "Inventory.purchaserequisition", "pk": 43, "fields": {"user": null, "component": 3, "quantity": 0, "status": "approved", "notes": "", "created_at": "2024-06-02T07:38:38.945Z", "updated_at": "2024-06-02T07:45:25.772Z", "expected_delivery_date": null, "priority": "high"}}, {"model": "Inventory.purchaserequisition", "pk": 44, "fields": {"user": null, "component": 3, "quantity": 0, "status": "approved", "notes": "", "created_at": "2024-06-02T10:07:01.161Z", "updated_at": "2024-06-02T10:17:29.032Z", "expected_delivery_date": null, "priority": "high"}}, {"model": "Inventory.purchaserequisition", "pk": 45, "fields": {"user": null, "component": 3, "quantity": 0, "status": "approved", "notes": "", "created_at": "2024-06-02T10:07:20.035Z", "updated_at": "2024-06-02T10:15:54.296Z", "expected_delivery_date": null, "priority": "high"}}, {"model": "Inventory.purchaserequisition", "pk": 46, "fields": {"user": null, "component": 3, "quantity": 10, "status": "approved", "notes": "test", "created_at": "2024-06-02T10:20:51.856Z", "updated_at": "2024-06-02T10:21:06.440Z", "expected_delivery_date": null, "priority": "high"}}, {"model": "Inventory.purchaserequisition", "pk": 47, "fields": {"user": null, "component": 3, "quantity": 0, "status": "approved", "notes": "", "created_at": "2024-06-02T11:15:09.373Z", "updated_at": "2024-06-02T18:23:51.167Z", "expected_delivery_date": null, "priority": "high"}}, {"model": "Inventory.purchaserequisition", "pk": 48, "fields": {"user": null, "component": 3, "quantity": 0, "status": "fulfilled", "notes": "", "created_at": "2024-06-02T11:15:14.088Z", "updated_at": "2024-06-03T07:07:56.692Z", "expected_delivery_date": null, "priority": "high"}}, {"model": "Inventory.purchaseorder", "pk": 1, "fields": {"creator": 1, "purchase_requisition": 1, "supplier": 1, "status": "approved", "notes": "test", "created_at": "2024-05-22T15:53:12.995Z", "updated_at": "2024-05-22T15:53:12.995Z", "price_per_unit": "100.00", "total_price": "1000.00"}}, {"model": "Inventory.purchaseorder", "pk": 5, "fields": {"creator": 1, "purchase_requisition": 35, "supplier": null, "status": "approved", "notes": "", "created_at": "2024-06-01T05:24:32.000Z", "updated_at": "2024-06-01T05:24:32.000Z", "price_per_unit": "100.00", "total_price": "1000.00"}}, {"model": "Inventory.purchaseorder", "pk": 7, "fields": {"creator": null, "purchase_requisition": 34, "supplier": 1, "status": "cancelled", "notes": "", "created_at": "2024-06-01T13:39:28.024Z", "updated_at": "2024-06-01T13:39:28.024Z", "price_per_unit": "100.00", "total_price": "1000.00"}}, {"model": "Inventory.purchaseorder", "pk": 10, "fields": {"creator": 1, "purchase_requisition": 37, "supplier": null, "status": "approved", "notes": "", "created_at": "2024-06-01T16:32:34.447Z", "updated_at": "2024-06-01T16:32:34.447Z", "price_per_unit": "100.00", "total_price": "1000.00"}}, {"model": "Inventory.purchaseorder", "pk": 13, "fields": {"creator": 1, "purchase_requisition": 41, "supplier": null, "status": "rejected", "notes": "no reson", "created_at": "2024-06-01T20:07:33.137Z", "updated_at": "2024-06-01T20:07:33.137Z", "price_per_unit": "100.00", "total_price": "0.00"}}, {"model": "Inventory.purchaseorder", "pk": 15, "fields": {"creator": 1, "purchase_requisition": 43, "supplier": 1, "status": "received", "notes": "asdasd", "created_at": "2024-06-02T08:13:28.630Z", "updated_at": "2024-06-02T08:13:28.630Z", "price_per_unit": "100.00", "total_price": "0.00"}}, {"model": "Inventory.purchaseorder", "pk": 16, "fields": {"creator": 1, "purchase_requisition": 46, "supplier": null, "status": "received", "notes": "", "created_at": "2024-06-02T10:21:06.440Z", "updated_at": "2024-06-02T10:21:06.440Z", "price_per_unit": "0.00", "total_price": "0.00"}}, {"model": "Inventory.purchaseorder", "pk": 17, "fields": {"creator": 1, "purchase_requisition": 47, "supplier": null, "status": "draft", "notes": "", "created_at": "2024-06-02T18:23:51.182Z", "updated_at": "2024-06-02T18:23:51.182Z", "price_per_unit": "0.00", "total_price": "0.00"}}, {"model": "Inventory.purchaseorder", "pk": 18, "fields": {"creator": 1, "purchase_requisition": 48, "supplier": null, "status": "received", "notes": "", "created_at": "2024-06-03T07:07:26.092Z", "updated_at": "2024-06-03T07:07:26.092Z", "price_per_unit": "0.00", "total_price": "0.00"}}, {"model": "Inventory.consumptiontransaction", "pk": 139, "fields": {"material_requisition_item": 75, "component_id": 1, "quantity": 9, "user_id": 1, "timestamp": "2024-05-23T06:54:46.546Z"}}, {"model": "Inventory.consumptiontransaction", "pk": 145, "fields": {"material_requisition_item": 79, "component_id": 1, "quantity": 9, "user_id": 1, "timestamp": "2024-05-25T03:28:37.414Z"}}, {"model": "Inventory.consumptiontransaction", "pk": 146, "fields": {"material_requisition_item": 81, "component_id": 1, "quantity": 9, "user_id": 1, "timestamp": "2024-05-25T03:53:08.647Z"}}, {"model": "Inventory.consumptiontransaction", "pk": 147, "fields": {"material_requisition_item": 83, "component_id": 1, "quantity": 9, "user_id": 1, "timestamp": "2024-05-25T04:40:47.545Z"}}, {"model": "Inventory.consumptiontransaction", "pk": 148, "fields": {"material_requisition_item": 85, "component_id": 1, "quantity": 9, "user_id": 1, "timestamp": "2024-05-25T04:41:21.091Z"}}, {"model": "Inventory.consumptiontransaction", "pk": 149, "fields": {"material_requisition_item": 87, "component_id": 2, "quantity": 12, "user_id": 1, "timestamp": "2024-05-25T08:25:45.367Z"}}, {"model": "Inventory.consumptiontransaction", "pk": 150, "fields": {"material_requisition_item": 88, "component_id": 3, "quantity": 12, "user_id": 1, "timestamp": "2024-05-25T08:25:45.465Z"}}, {"model": "Inventory.consumptiontransaction", "pk": 151, "fields": {"material_requisition_item": 103, "component_id": 2, "quantity": 12, "user_id": 1, "timestamp": "2024-05-25T18:07:41.745Z"}}, {"model": "Inventory.consumptiontransaction", "pk": 152, "fields": {"material_requisition_item": 101, "component_id": 1, "quantity": 9, "user_id": 1, "timestamp": "2024-05-25T18:12:37.073Z"}}, {"model": "Inventory.consumptiontransaction", "pk": 153, "fields": {"material_requisition_item": 102, "component_id": 3, "quantity": 9, "user_id": 1, "timestamp": "2024-05-25T18:12:37.085Z"}}, {"model": "Inventory.consumptiontransaction", "pk": 154, "fields": {"material_requisition_item": 99, "component_id": 1, "quantity": 9, "user_id": 1, "timestamp": "2024-05-25T18:12:54.106Z"}}, {"model": "Inventory.consumptiontransaction", "pk": 155, "fields": {"material_requisition_item": 100, "component_id": 3, "quantity": 9, "user_id": 1, "timestamp": "2024-05-25T18:12:54.123Z"}}, {"model": "Inventory.consumptiontransaction", "pk": 156, "fields": {"material_requisition_item": 97, "component_id": 2, "quantity": 4, "user_id": 1, "timestamp": "2024-05-25T18:13:29.111Z"}}, {"model": "Inventory.consumptiontransaction", "pk": 157, "fields": {"material_requisition_item": 98, "component_id": 3, "quantity": 4, "user_id": 1, "timestamp": "2024-05-25T18:13:29.128Z"}}, {"model": "Inventory.consumptiontransaction", "pk": 158, "fields": {"material_requisition_item": 95, "component_id": 2, "quantity": 4, "user_id": 1, "timestamp": "2024-05-25T18:13:44.894Z"}}, {"model": "Inventory.consumptiontransaction", "pk": 159, "fields": {"material_requisition_item": 95, "component_id": 2, "quantity": 4, "user_id": 1, "timestamp": "2024-05-25T18:13:53.501Z"}}, {"model": "Inventory.consumptiontransaction", "pk": 160, "fields": {"material_requisition_item": 93, "component_id": 2, "quantity": 4, "user_id": 1, "timestamp": "2024-05-25T18:15:30.446Z"}}, {"model": "Inventory.consumptiontransaction", "pk": 161, "fields": {"material_requisition_item": 105, "component_id": 2, "quantity": 12, "user_id": 1, "timestamp": "2024-05-25T18:34:49.133Z"}}, {"model": "Inventory.consumptiontransaction", "pk": 162, "fields": {"material_requisition_item": 107, "component_id": 1, "quantity": 9, "user_id": 1, "timestamp": "2024-05-25T18:37:30.744Z"}}, {"model": "Inventory.consumptiontransaction", "pk": 163, "fields": {"material_requisition_item": 109, "component_id": 1, "quantity": 9, "user_id": 1, "timestamp": "2024-05-25T18:47:12.523Z"}}, {"model": "Inventory.consumptiontransaction", "pk": 164, "fields": {"material_requisition_item": 111, "component_id": 2, "quantity": 4, "user_id": 1, "timestamp": "2024-05-25T18:53:12.418Z"}}, {"model": "Inventory.consumptiontransaction", "pk": 165, "fields": {"material_requisition_item": 113, "component_id": 2, "quantity": 4, "user_id": 1, "timestamp": "2024-05-25T18:59:37.918Z"}}, {"model": "Inventory.consumptiontransaction", "pk": 166, "fields": {"material_requisition_item": 115, "component_id": 2, "quantity": 4, "user_id": 1, "timestamp": "2024-05-25T19:11:55.254Z"}}, {"model": "Inventory.consumptiontransaction", "pk": 167, "fields": {"material_requisition_item": 117, "component_id": 2, "quantity": 4, "user_id": 1, "timestamp": "2024-05-25T19:16:08.513Z"}}, {"model": "Inventory.consumptiontransaction", "pk": 168, "fields": {"material_requisition_item": 119, "component_id": 2, "quantity": 4, "user_id": 1, "timestamp": "2024-05-26T08:41:10.300Z"}}, {"model": "Inventory.consumptiontransaction", "pk": 169, "fields": {"material_requisition_item": 121, "component_id": 2, "quantity": 4, "user_id": 1, "timestamp": "2024-05-26T08:48:25.079Z"}}, {"model": "Inventory.consumptiontransaction", "pk": 170, "fields": {"material_requisition_item": 122, "component_id": 3, "quantity": 4, "user_id": 1, "timestamp": "2024-05-26T08:48:25.180Z"}}, {"model": "Inventory.consumptiontransaction", "pk": 171, "fields": {"material_requisition_item": 123, "component_id": 1, "quantity": 5, "user_id": 1, "timestamp": "2024-05-26T11:26:46.936Z"}}, {"model": "Inventory.consumptiontransaction", "pk": 172, "fields": {"material_requisition_item": 134, "component_id": 2, "quantity": 4, "user_id": 1, "timestamp": "2024-05-26T16:36:31.481Z"}}, {"model": "Inventory.consumptiontransaction", "pk": 173, "fields": {"material_requisition_item": 135, "component_id": 3, "quantity": 4, "user_id": 1, "timestamp": "2024-05-26T16:36:31.531Z"}}, {"model": "Inventory.consumptiontransaction", "pk": 174, "fields": {"material_requisition_item": 132, "component_id": 2, "quantity": 4, "user_id": 1, "timestamp": "2024-05-29T11:24:11.267Z"}}, {"model": "Inventory.consumptiontransaction", "pk": 175, "fields": {"material_requisition_item": 133, "component_id": 3, "quantity": 4, "user_id": 1, "timestamp": "2024-05-29T11:24:11.284Z"}}, {"model": "Inventory.consumptiontransaction", "pk": 176, "fields": {"material_requisition_item": 130, "component_id": 2, "quantity": 4, "user_id": 1, "timestamp": "2024-05-29T11:24:50.143Z"}}, {"model": "Inventory.consumptiontransaction", "pk": 177, "fields": {"material_requisition_item": 131, "component_id": 3, "quantity": 4, "user_id": 1, "timestamp": "2024-05-29T11:24:50.146Z"}}, {"model": "Inventory.consumptiontransaction", "pk": 178, "fields": {"material_requisition_item": 128, "component_id": 2, "quantity": 4, "user_id": 1, "timestamp": "2024-05-29T11:25:09.730Z"}}, {"model": "Inventory.consumptiontransaction", "pk": 179, "fields": {"material_requisition_item": 129, "component_id": 3, "quantity": 4, "user_id": 1, "timestamp": "2024-05-29T11:25:09.763Z"}}, {"model": "Inventory.consumptiontransaction", "pk": 180, "fields": {"material_requisition_item": 126, "component_id": 2, "quantity": 4, "user_id": 1, "timestamp": "2024-05-29T11:25:21.778Z"}}, {"model": "Inventory.consumptiontransaction", "pk": 181, "fields": {"material_requisition_item": 127, "component_id": 3, "quantity": 4, "user_id": 1, "timestamp": "2024-05-29T11:25:21.795Z"}}, {"model": "Inventory.consumptiontransaction", "pk": 182, "fields": {"material_requisition_item": 124, "component_id": 2, "quantity": 4, "user_id": 1, "timestamp": "2024-05-29T11:26:02.605Z"}}, {"model": "Inventory.consumptiontransaction", "pk": 183, "fields": {"material_requisition_item": 136, "component_id": 2, "quantity": 4, "user_id": 1, "timestamp": "2024-05-29T12:13:23.414Z"}}, {"model": "Inventory.consumptiontransaction", "pk": 184, "fields": {"material_requisition_item": 138, "component_id": 2, "quantity": 4, "user_id": 1, "timestamp": "2024-05-29T12:19:00.332Z"}}, {"model": "Inventory.consumptiontransaction", "pk": 185, "fields": {"material_requisition_item": 140, "component_id": 1, "quantity": 9, "user_id": 1, "timestamp": "2024-05-29T12:21:52.174Z"}}, {"model": "Inventory.consumptiontransaction", "pk": 186, "fields": {"material_requisition_item": 142, "component_id": 1, "quantity": 9, "user_id": 1, "timestamp": "2024-05-29T12:25:43.259Z"}}, {"model": "Inventory.consumptiontransaction", "pk": 187, "fields": {"material_requisition_item": 142, "component_id": 1, "quantity": 9, "user_id": 1, "timestamp": "2024-05-29T12:25:48.016Z"}}, {"model": "Inventory.consumptiontransaction", "pk": 188, "fields": {"material_requisition_item": 142, "component_id": 1, "quantity": 9, "user_id": 1, "timestamp": "2024-05-29T12:25:58.928Z"}}, {"model": "Inventory.consumptiontransaction", "pk": 189, "fields": {"material_requisition_item": 142, "component_id": 1, "quantity": 9, "user_id": 1, "timestamp": "2024-05-29T12:26:06.235Z"}}, {"model": "Inventory.consumptiontransaction", "pk": 190, "fields": {"material_requisition_item": 142, "component_id": 1, "quantity": 9, "user_id": 1, "timestamp": "2024-05-29T12:26:18.567Z"}}, {"model": "Inventory.consumptiontransaction", "pk": 191, "fields": {"material_requisition_item": 144, "component_id": 1, "quantity": 9, "user_id": 1, "timestamp": "2024-05-29T12:30:33.466Z"}}, {"model": "Inventory.consumptiontransaction", "pk": 192, "fields": {"material_requisition_item": 146, "component_id": 1, "quantity": 9, "user_id": 1, "timestamp": "2024-05-29T12:54:28.002Z"}}, {"model": "Inventory.consumptiontransaction", "pk": 193, "fields": {"material_requisition_item": 148, "component_id": 1, "quantity": 9, "user_id": 1, "timestamp": "2024-05-29T12:57:28.817Z"}}, {"model": "Inventory.consumptiontransaction", "pk": 194, "fields": {"material_requisition_item": 151, "component_id": 3, "quantity": 4, "user_id": 1, "timestamp": "2024-05-29T14:27:43.940Z"}}, {"model": "Inventory.consumptiontransaction", "pk": 195, "fields": {"material_requisition_item": 151, "component_id": 3, "quantity": 4, "user_id": 1, "timestamp": "2024-05-29T14:28:20.394Z"}}, {"model": "Inventory.consumptiontransaction", "pk": 196, "fields": {"material_requisition_item": 150, "component_id": 2, "quantity": 4, "user_id": 1, "timestamp": "2024-05-29T14:32:16.705Z"}}, {"model": "Inventory.consumptiontransaction", "pk": 197, "fields": {"material_requisition_item": 150, "component_id": 2, "quantity": 4, "user_id": 1, "timestamp": "2024-05-29T14:32:16.725Z"}}, {"model": "Inventory.consumptiontransaction", "pk": 198, "fields": {"material_requisition_item": 151, "component_id": 3, "quantity": 4, "user_id": 1, "timestamp": "2024-05-29T14:32:16.764Z"}}, {"model": "Inventory.consumptiontransaction", "pk": 199, "fields": {"material_requisition_item": 151, "component_id": 3, "quantity": 4, "user_id": 1, "timestamp": "2024-05-29T14:32:16.765Z"}}, {"model": "Inventory.consumptiontransaction", "pk": 200, "fields": {"material_requisition_item": 150, "component_id": 2, "quantity": 4, "user_id": 1, "timestamp": "2024-05-29T14:51:01.281Z"}}, {"model": "Inventory.consumptiontransaction", "pk": 201, "fields": {"material_requisition_item": 151, "component_id": 3, "quantity": 4, "user_id": 1, "timestamp": "2024-05-29T14:51:01.320Z"}}, {"model": "Inventory.consumptiontransaction", "pk": 202, "fields": {"material_requisition_item": 152, "component_id": 2, "quantity": 4, "user_id": 1, "timestamp": "2024-05-29T14:53:11.057Z"}}, {"model": "Inventory.consumptiontransaction", "pk": 203, "fields": {"material_requisition_item": 153, "component_id": 3, "quantity": 4, "user_id": 1, "timestamp": "2024-05-29T14:53:11.096Z"}}, {"model": "Inventory.consumptiontransaction", "pk": 204, "fields": {"material_requisition_item": 154, "component_id": 2, "quantity": 4, "user_id": 1, "timestamp": "2024-05-29T14:54:11.025Z"}}, {"model": "Inventory.consumptiontransaction", "pk": 205, "fields": {"material_requisition_item": 155, "component_id": 3, "quantity": 4, "user_id": 1, "timestamp": "2024-05-29T14:54:11.099Z"}}, {"model": "Inventory.consumptiontransaction", "pk": 206, "fields": {"material_requisition_item": 156, "component_id": 2, "quantity": 4, "user_id": 1, "timestamp": "2024-05-30T17:38:26.152Z"}}, {"model": "Inventory.consumptiontransaction", "pk": 207, "fields": {"material_requisition_item": 157, "component_id": 3, "quantity": 4, "user_id": 1, "timestamp": "2024-05-30T17:38:26.179Z"}}, {"model": "Inventory.consumptiontransaction", "pk": 208, "fields": {"material_requisition_item": 156, "component_id": 2, "quantity": 4, "user_id": 1, "timestamp": "2024-05-30T17:38:49.730Z"}}, {"model": "Inventory.consumptiontransaction", "pk": 209, "fields": {"material_requisition_item": 157, "component_id": 3, "quantity": 4, "user_id": 1, "timestamp": "2024-05-30T17:38:49.756Z"}}, {"model": "Inventory.consumptiontransaction", "pk": 210, "fields": {"material_requisition_item": 156, "component_id": 2, "quantity": 4, "user_id": 1, "timestamp": "2024-05-30T17:38:58.221Z"}}, {"model": "Inventory.consumptiontransaction", "pk": 211, "fields": {"material_requisition_item": 157, "component_id": 3, "quantity": 4, "user_id": 1, "timestamp": "2024-05-30T17:38:58.237Z"}}, {"model": "Inventory.consumptiontransaction", "pk": 212, "fields": {"material_requisition_item": 156, "component_id": 2, "quantity": 4, "user_id": 1, "timestamp": "2024-05-30T17:39:26.755Z"}}, {"model": "Inventory.consumptiontransaction", "pk": 213, "fields": {"material_requisition_item": 157, "component_id": 3, "quantity": 4, "user_id": 1, "timestamp": "2024-05-30T17:39:26.781Z"}}, {"model": "Inventory.consumptiontransaction", "pk": 214, "fields": {"material_requisition_item": 157, "component_id": 3, "quantity": 4, "user_id": 1, "timestamp": "2024-05-30T17:39:34.890Z"}}, {"model": "Inventory.consumptiontransaction", "pk": 215, "fields": {"material_requisition_item": 157, "component_id": 3, "quantity": 4, "user_id": 1, "timestamp": "2024-05-30T17:39:47.662Z"}}, {"model": "Inventory.consumptiontransaction", "pk": 216, "fields": {"material_requisition_item": 150, "component_id": 2, "quantity": 4, "user_id": 1, "timestamp": "2024-05-30T18:38:32.261Z"}}, {"model": "Inventory.consumptiontransaction", "pk": 217, "fields": {"material_requisition_item": 151, "component_id": 3, "quantity": 4, "user_id": 1, "timestamp": "2024-05-30T18:38:32.295Z"}}, {"model": "Inventory.consumptiontransaction", "pk": 218, "fields": {"material_requisition_item": 152, "component_id": 2, "quantity": 4, "user_id": 1, "timestamp": "2024-05-30T18:39:22.371Z"}}, {"model": "Inventory.consumptiontransaction", "pk": 219, "fields": {"material_requisition_item": 153, "component_id": 3, "quantity": 4, "user_id": 1, "timestamp": "2024-05-30T18:39:22.417Z"}}, {"model": "Inventory.consumptiontransaction", "pk": 220, "fields": {"material_requisition_item": 150, "component_id": 2, "quantity": 4, "user_id": 1, "timestamp": "2024-05-30T18:42:13.399Z"}}, {"model": "Inventory.consumptiontransaction", "pk": 221, "fields": {"material_requisition_item": 151, "component_id": 3, "quantity": 4, "user_id": 1, "timestamp": "2024-05-30T18:42:13.424Z"}}, {"model": "Inventory.consumptiontransaction", "pk": 222, "fields": {"material_requisition_item": 154, "component_id": 2, "quantity": 4, "user_id": 1, "timestamp": "2024-05-30T18:50:00.472Z"}}, {"model": "Inventory.consumptiontransaction", "pk": 223, "fields": {"material_requisition_item": 155, "component_id": 3, "quantity": 4, "user_id": 1, "timestamp": "2024-05-30T18:50:00.503Z"}}, {"model": "Inventory.consumptiontransaction", "pk": 224, "fields": {"material_requisition_item": 152, "component_id": 2, "quantity": 4, "user_id": 1, "timestamp": "2024-05-30T18:52:22.546Z"}}, {"model": "Inventory.consumptiontransaction", "pk": 225, "fields": {"material_requisition_item": 156, "component_id": 2, "quantity": 4, "user_id": 1, "timestamp": "2024-05-31T11:34:16.197Z"}}, {"model": "Inventory.consumptiontransaction", "pk": 226, "fields": {"material_requisition_item": 157, "component_id": 3, "quantity": 4, "user_id": 1, "timestamp": "2024-05-31T11:34:16.232Z"}}, {"model": "Inventory.consumptiontransaction", "pk": 227, "fields": {"material_requisition_item": 154, "component_id": 2, "quantity": 4, "user_id": 1, "timestamp": "2024-05-31T11:35:42.005Z"}}, {"model": "Inventory.consumptiontransaction", "pk": 228, "fields": {"material_requisition_item": 155, "component_id": 3, "quantity": 4, "user_id": 1, "timestamp": "2024-05-31T11:35:42.038Z"}}, {"model": "Inventory.consumptiontransaction", "pk": 229, "fields": {"material_requisition_item": 150, "component_id": 2, "quantity": 4, "user_id": 1, "timestamp": "2024-05-31T11:35:54.623Z"}}, {"model": "Inventory.consumptiontransaction", "pk": 230, "fields": {"material_requisition_item": 151, "component_id": 3, "quantity": 4, "user_id": 1, "timestamp": "2024-05-31T11:35:54.658Z"}}, {"model": "Inventory.consumptiontransaction", "pk": 231, "fields": {"material_requisition_item": 152, "component_id": 2, "quantity": 4, "user_id": 1, "timestamp": "2024-05-31T11:36:02.600Z"}}, {"model": "Inventory.consumptiontransaction", "pk": 232, "fields": {"material_requisition_item": 153, "component_id": 3, "quantity": 4, "user_id": 1, "timestamp": "2024-05-31T11:36:02.634Z"}}, {"model": "Inventory.consumptiontransaction", "pk": 233, "fields": {"material_requisition_item": 158, "component_id": 2, "quantity": 12, "user_id": 1, "timestamp": "2024-05-31T11:37:16.066Z"}}, {"model": "Inventory.consumptiontransaction", "pk": 234, "fields": {"material_requisition_item": 159, "component_id": 3, "quantity": 12, "user_id": 1, "timestamp": "2024-05-31T14:51:31.266Z"}}, {"model": "Inventory.consumptiontransaction", "pk": 235, "fields": {"material_requisition_item": 160, "component_id": 2, "quantity": 12, "user_id": 1, "timestamp": "2024-05-31T14:56:37.874Z"}}, {"model": "Inventory.consumptiontransaction", "pk": 236, "fields": {"material_requisition_item": 161, "component_id": 3, "quantity": 12, "user_id": 1, "timestamp": "2024-05-31T14:56:37.945Z"}}, {"model": "Inventory.consumptiontransaction", "pk": 237, "fields": {"material_requisition_item": 162, "component_id": 2, "quantity": 4, "user_id": 1, "timestamp": "2024-05-31T15:02:02.145Z"}}, {"model": "Inventory.consumptiontransaction", "pk": 238, "fields": {"material_requisition_item": 163, "component_id": 3, "quantity": 4, "user_id": 1, "timestamp": "2024-05-31T15:02:02.214Z"}}, {"model": "Inventory.consumptiontransaction", "pk": 239, "fields": {"material_requisition_item": 164, "component_id": 2, "quantity": 4, "user_id": 1, "timestamp": "2024-05-31T15:25:43.914Z"}}, {"model": "Inventory.consumptiontransaction", "pk": 240, "fields": {"material_requisition_item": 165, "component_id": 3, "quantity": 4, "user_id": 1, "timestamp": "2024-05-31T15:25:43.987Z"}}, {"model": "Inventory.consumptiontransaction", "pk": 241, "fields": {"material_requisition_item": 170, "component_id": 2, "quantity": 4, "user_id": 1, "timestamp": "2024-06-01T13:54:38.404Z"}}, {"model": "Inventory.consumptiontransaction", "pk": 242, "fields": {"material_requisition_item": 171, "component_id": 3, "quantity": 4, "user_id": 1, "timestamp": "2024-06-01T13:54:38.485Z"}}, {"model": "Inventory.consumptiontransaction", "pk": 243, "fields": {"material_requisition_item": 168, "component_id": 1, "quantity": 6, "user_id": 1, "timestamp": "2024-06-01T13:54:56.104Z"}}, {"model": "Inventory.consumptiontransaction", "pk": 244, "fields": {"material_requisition_item": 169, "component_id": 3, "quantity": 6, "user_id": 1, "timestamp": "2024-06-01T13:55:42.300Z"}}, {"model": "Inventory.consumptiontransaction", "pk": 245, "fields": {"material_requisition_item": 166, "component_id": 1, "quantity": 6, "user_id": 1, "timestamp": "2024-06-01T16:36:31.537Z"}}, {"model": "Inventory.consumptiontransaction", "pk": 246, "fields": {"material_requisition_item": 167, "component_id": 3, "quantity": 6, "user_id": 1, "timestamp": "2024-06-01T16:36:31.618Z"}}, {"model": "Inventory.consumptiontransaction", "pk": 247, "fields": {"material_requisition_item": 172, "component_id": 1, "quantity": 6, "user_id": 1, "timestamp": "2024-06-01T16:37:25.632Z"}}, {"model": "Inventory.consumptiontransaction", "pk": 248, "fields": {"material_requisition_item": 174, "component_id": 1, "quantity": 6, "user_id": 1, "timestamp": "2024-06-01T16:38:50.593Z"}}, {"model": "Inventory.consumptiontransaction", "pk": 249, "fields": {"material_requisition_item": 178, "component_id": 1, "quantity": 12, "user_id": 1, "timestamp": "2024-06-02T10:07:01.103Z"}}, {"model": "Inventory.consumptiontransaction", "pk": 250, "fields": {"material_requisition_item": 176, "component_id": 1, "quantity": 12, "user_id": 1, "timestamp": "2024-06-02T10:07:19.978Z"}}, {"model": "Inventory.consumptiontransaction", "pk": 251, "fields": {"material_requisition_item": 182, "component_id": 1, "quantity": 20, "user_id": 1, "timestamp": "2024-06-03T07:06:31.558Z"}}, {"model": "Notifications.notification", "pk": 1, "fields": {"user": 1, "message": "Inventory level for component 2 is below the reorder level.", "read": false, "timestamp": "2024-05-25T08:25:45.367Z"}}, {"model": "Notifications.notification", "pk": 2, "fields": {"user": 1, "message": "Inventory level for component 3 is below the reorder level.", "read": false, "timestamp": "2024-05-25T08:25:45.465Z"}}, {"model": "Notifications.notification", "pk": 3, "fields": {"user": 1, "message": "Inventory level for component 2 is below the reorder level.", "read": false, "timestamp": "2024-05-25T18:07:42.127Z"}}, {"model": "Notifications.notification", "pk": 4, "fields": {"user": 1, "message": "Inventory level for component 2 is below the reorder level.", "read": false, "timestamp": "2024-05-25T18:09:46.918Z"}}, {"model": "Notifications.notification", "pk": 5, "fields": {"user": 1, "message": "Inventory level for component 3 is below the reorder level.", "read": false, "timestamp": "2024-05-25T18:11:35.481Z"}}, {"model": "Notifications.notification", "pk": 6, "fields": {"user": 1, "message": "Inventory level for component 3 is below the reorder level.", "read": false, "timestamp": "2024-05-25T18:12:01.178Z"}}, {"model": "Notifications.notification", "pk": 7, "fields": {"user": 1, "message": "Inventory level for component 3 is below the reorder level.", "read": false, "timestamp": "2024-05-25T18:12:37.085Z"}}, {"model": "Notifications.notification", "pk": 8, "fields": {"user": 1, "message": "Inventory level for component 3 is below the reorder level.", "read": false, "timestamp": "2024-05-25T18:12:54.123Z"}}, {"model": "Notifications.notification", "pk": 9, "fields": {"user": 1, "message": "Inventory level for component 2 is below the reorder level.", "read": false, "timestamp": "2024-05-25T18:13:29.111Z"}}, {"model": "Notifications.notification", "pk": 10, "fields": {"user": 1, "message": "Inventory level for component 3 is below the reorder level.", "read": false, "timestamp": "2024-05-25T18:13:29.128Z"}}, {"model": "Notifications.notification", "pk": 11, "fields": {"user": 1, "message": "Inventory level for component 2 is below the reorder level.", "read": false, "timestamp": "2024-05-25T18:13:44.894Z"}}, {"model": "Notifications.notification", "pk": 12, "fields": {"user": 1, "message": "Inventory level for component 2 is below the reorder level.", "read": false, "timestamp": "2024-05-25T18:13:53.602Z"}}, {"model": "Notifications.notification", "pk": 13, "fields": {"user": 1, "message": "Inventory level for component 2 is below the reorder level.", "read": false, "timestamp": "2024-05-25T18:15:30.446Z"}}, {"model": "Notifications.notification", "pk": 14, "fields": {"user": 1, "message": "Inventory level for component 2 is below the reorder level.", "read": false, "timestamp": "2024-05-25T18:23:07.797Z"}}, {"model": "Notifications.notification", "pk": 15, "fields": {"user": 1, "message": "Inventory level for component 2 is below the reorder level.", "read": false, "timestamp": "2024-05-25T18:34:49.253Z"}}, {"model": "Notifications.notification", "pk": 16, "fields": {"user": 1, "message": "Inventory level for component 2 is below the reorder level.", "read": false, "timestamp": "2024-05-25T18:36:36.706Z"}}, {"model": "Notifications.notification", "pk": 17, "fields": {"user": 1, "message": "Inventory level for component 2 is below the reorder level.", "read": false, "timestamp": "2024-05-25T18:53:12.467Z"}}, {"model": "Notifications.notification", "pk": 18, "fields": {"user": 1, "message": "Inventory level for component 2 is below the reorder level.", "read": false, "timestamp": "2024-05-25T18:59:37.922Z"}}, {"model": "Notifications.notification", "pk": 19, "fields": {"user": 1, "message": "Inventory level for component 2 is below the reorder level.", "read": false, "timestamp": "2024-05-25T19:11:55.370Z"}}, {"model": "Notifications.notification", "pk": 20, "fields": {"user": 1, "message": "Inventory level for component 2 is below the reorder level.", "read": false, "timestamp": "2024-05-25T19:14:36.920Z"}}, {"model": "Notifications.notification", "pk": 21, "fields": {"user": 1, "message": "Inventory level for component 2 is below the reorder level.", "read": false, "timestamp": "2024-05-25T19:16:08.613Z"}}, {"model": "Notifications.notification", "pk": 22, "fields": {"user": 1, "message": "Inventory level for component 2 is below the reorder level.", "read": false, "timestamp": "2024-05-26T08:41:10.402Z"}}, {"model": "Notifications.notification", "pk": 23, "fields": {"user": 1, "message": "Inventory level for component 2 is below the reorder level.", "read": false, "timestamp": "2024-05-26T08:41:39.139Z"}}, {"model": "Notifications.notification", "pk": 24, "fields": {"user": 1, "message": "Inventory level for component 2 is below the reorder level.", "read": false, "timestamp": "2024-05-26T08:47:12.162Z"}}, {"model": "Notifications.notification", "pk": 25, "fields": {"user": 1, "message": "Inventory level for component 3 is below the reorder level.", "read": false, "timestamp": "2024-05-26T08:47:20.728Z"}}, {"model": "Notifications.notification", "pk": 26, "fields": {"user": 1, "message": "Inventory level for component 2 is below the reorder level.", "read": false, "timestamp": "2024-05-26T08:48:25.079Z"}}, {"model": "Notifications.notification", "pk": 27, "fields": {"user": 1, "message": "Inventory level for component 3 is below the reorder level.", "read": false, "timestamp": "2024-05-26T08:48:25.180Z"}}, {"model": "Notifications.notification", "pk": 28, "fields": {"user": 1, "message": "Inventory level for component 2 is below the reorder level.", "read": false, "timestamp": "2024-05-26T16:36:31.481Z"}}, {"model": "Notifications.notification", "pk": 29, "fields": {"user": 1, "message": "Inventory level for component 3 is below the reorder level.", "read": false, "timestamp": "2024-05-26T16:36:31.531Z"}}, {"model": "Notifications.notification", "pk": 30, "fields": {"user": 1, "message": "Inventory level for component 2 is below the reorder level.", "read": false, "timestamp": "2024-05-29T11:24:11.284Z"}}, {"model": "Notifications.notification", "pk": 31, "fields": {"user": 1, "message": "Inventory level for component 3 is below the reorder level.", "read": false, "timestamp": "2024-05-29T11:24:11.284Z"}}, {"model": "Notifications.notification", "pk": 32, "fields": {"user": 1, "message": "Inventory level for component 2 is below the reorder level.", "read": false, "timestamp": "2024-05-29T11:24:50.146Z"}}, {"model": "Notifications.notification", "pk": 33, "fields": {"user": 1, "message": "Inventory level for component 3 is below the reorder level.", "read": false, "timestamp": "2024-05-29T11:24:50.146Z"}}, {"model": "Notifications.notification", "pk": 34, "fields": {"user": 1, "message": "Inventory level for component 2 is below the reorder level.", "read": false, "timestamp": "2024-05-29T11:25:09.748Z"}}, {"model": "Notifications.notification", "pk": 35, "fields": {"user": 1, "message": "Inventory level for component 3 is below the reorder level.", "read": false, "timestamp": "2024-05-29T11:25:09.763Z"}}, {"model": "Notifications.notification", "pk": 36, "fields": {"user": 1, "message": "Inventory level for component 2 is below the reorder level.", "read": false, "timestamp": "2024-05-29T11:25:21.793Z"}}, {"model": "Notifications.notification", "pk": 37, "fields": {"user": 1, "message": "Inventory level for component 3 is below the reorder level.", "read": false, "timestamp": "2024-05-29T11:25:21.795Z"}}, {"model": "Notifications.notification", "pk": 38, "fields": {"user": 1, "message": "Inventory level for component 2 is below the reorder level.", "read": false, "timestamp": "2024-05-29T11:26:02.606Z"}}, {"model": "Notifications.notification", "pk": 39, "fields": {"user": 1, "message": "Inventory level for component 3 is below the reorder level.", "read": false, "timestamp": "2024-05-29T11:44:57.396Z"}}, {"model": "Notifications.notification", "pk": 40, "fields": {"user": 1, "message": "Inventory level for component 2 is below the reorder level.", "read": false, "timestamp": "2024-05-29T12:12:30.385Z"}}, {"model": "Notifications.notification", "pk": 41, "fields": {"user": 1, "message": "Inventory level for component 3 is below the reorder level.", "read": false, "timestamp": "2024-05-29T12:13:09.946Z"}}, {"model": "Notifications.notification", "pk": 42, "fields": {"user": 1, "message": "Inventory level for component 2 is below the reorder level.", "read": false, "timestamp": "2024-05-29T12:13:23.414Z"}}, {"model": "Notifications.notification", "pk": 43, "fields": {"user": 1, "message": "Inventory level for component 2 is below the reorder level.", "read": false, "timestamp": "2024-05-29T12:17:41.537Z"}}, {"model": "Notifications.notification", "pk": 44, "fields": {"user": 1, "message": "Inventory level for component 2 is below the reorder level.", "read": false, "timestamp": "2024-05-29T12:19:00.334Z"}}, {"model": "Notifications.notification", "pk": 45, "fields": {"user": 1, "message": "Inventory level for component 3 is below the reorder level.", "read": false, "timestamp": "2024-05-29T13:02:25.726Z"}}, {"model": "Notifications.notification", "pk": 46, "fields": {"user": 1, "message": "Inventory level for component 3 is below the reorder level.", "read": false, "timestamp": "2024-05-29T14:27:43.945Z"}}, {"model": "Notifications.notification", "pk": 47, "fields": {"user": 1, "message": "Inventory level for component 3 is below the reorder level.", "read": false, "timestamp": "2024-05-29T14:28:20.400Z"}}, {"model": "Notifications.notification", "pk": 48, "fields": {"user": 1, "message": "Inventory level for component 2 is below the reorder level.", "read": false, "timestamp": "2024-05-29T14:31:35.617Z"}}, {"model": "Notifications.notification", "pk": 49, "fields": {"user": 1, "message": "Inventory level for component 3 is below the reorder level.", "read": false, "timestamp": "2024-05-29T14:31:50.110Z"}}, {"model": "Notifications.notification", "pk": 50, "fields": {"user": 1, "message": "Inventory level for component 2 is below the reorder level.", "read": false, "timestamp": "2024-05-29T14:32:16.725Z"}}, {"model": "Notifications.notification", "pk": 51, "fields": {"user": 1, "message": "Inventory level for component 3 is below the reorder level.", "read": false, "timestamp": "2024-05-29T14:32:16.768Z"}}, {"model": "Notifications.notification", "pk": 52, "fields": {"user": 1, "message": "Inventory level for component 2 is below the reorder level.", "read": false, "timestamp": "2024-05-29T14:51:01.300Z"}}, {"model": "Notifications.notification", "pk": 53, "fields": {"user": 1, "message": "Inventory level for component 3 is below the reorder level.", "read": false, "timestamp": "2024-05-29T14:51:01.320Z"}}, {"model": "Notifications.notification", "pk": 54, "fields": {"user": 1, "message": "Inventory level for component 2 is below the reorder level.", "read": false, "timestamp": "2024-05-29T14:52:41.310Z"}}, {"model": "Notifications.notification", "pk": 55, "fields": {"user": 1, "message": "Inventory level for component 3 is below the reorder level.", "read": false, "timestamp": "2024-05-29T14:52:50.288Z"}}, {"model": "Notifications.notification", "pk": 56, "fields": {"user": 1, "message": "Inventory level for component 2 is below the reorder level.", "read": false, "timestamp": "2024-05-29T14:53:11.074Z"}}, {"model": "Notifications.notification", "pk": 57, "fields": {"user": 1, "message": "Inventory level for component 3 is below the reorder level.", "read": false, "timestamp": "2024-05-29T14:53:11.111Z"}}, {"model": "Notifications.notification", "pk": 58, "fields": {"user": 1, "message": "Inventory level for component 2 is below the reorder level.", "read": false, "timestamp": "2024-05-29T14:54:11.058Z"}}, {"model": "Notifications.notification", "pk": 59, "fields": {"user": 1, "message": "Inventory level for component 3 is below the reorder level.", "read": false, "timestamp": "2024-05-29T14:54:11.107Z"}}, {"model": "Notifications.notification", "pk": 60, "fields": {"user": 1, "message": "Inventory level for component 2 is below the reorder level.", "read": false, "timestamp": "2024-05-30T17:38:07.010Z"}}, {"model": "Notifications.notification", "pk": 61, "fields": {"user": 1, "message": "Inventory level for component 3 is below the reorder level.", "read": false, "timestamp": "2024-05-30T17:38:15.954Z"}}, {"model": "Notifications.notification", "pk": 62, "fields": {"user": 1, "message": "Inventory level for component 2 is below the reorder level.", "read": false, "timestamp": "2024-05-30T17:38:26.151Z"}}, {"model": "Notifications.notification", "pk": 63, "fields": {"user": 1, "message": "Inventory level for component 3 is below the reorder level.", "read": false, "timestamp": "2024-05-30T17:38:26.179Z"}}, {"model": "Notifications.notification", "pk": 64, "fields": {"user": 1, "message": "Inventory level for component 2 is below the reorder level.", "read": false, "timestamp": "2024-05-30T17:38:49.730Z"}}, {"model": "Notifications.notification", "pk": 65, "fields": {"user": 1, "message": "Inventory level for component 3 is below the reorder level.", "read": false, "timestamp": "2024-05-30T17:38:49.756Z"}}, {"model": "Notifications.notification", "pk": 66, "fields": {"user": 1, "message": "Inventory level for component 2 is below the reorder level.", "read": false, "timestamp": "2024-05-30T17:38:58.220Z"}}, {"model": "Notifications.notification", "pk": 67, "fields": {"user": 1, "message": "Inventory level for component 3 is below the reorder level.", "read": false, "timestamp": "2024-05-30T17:38:58.237Z"}}, {"model": "Notifications.notification", "pk": 68, "fields": {"user": 1, "message": "Inventory level for component 2 is below the reorder level.", "read": false, "timestamp": "2024-05-30T17:39:26.755Z"}}, {"model": "Notifications.notification", "pk": 69, "fields": {"user": 1, "message": "Inventory level for component 3 is below the reorder level.", "read": false, "timestamp": "2024-05-30T17:39:26.780Z"}}, {"model": "Notifications.notification", "pk": 70, "fields": {"user": 1, "message": "Inventory level for component 3 is below the reorder level.", "read": false, "timestamp": "2024-05-30T17:39:34.889Z"}}, {"model": "Notifications.notification", "pk": 71, "fields": {"user": 1, "message": "Inventory level for component 3 is below the reorder level.", "read": false, "timestamp": "2024-05-30T17:39:47.659Z"}}, {"model": "Notifications.notification", "pk": 72, "fields": {"user": 1, "message": "Inventory level for component 3 is below the reorder level.", "read": false, "timestamp": "2024-05-30T18:37:12.123Z"}}, {"model": "Notifications.notification", "pk": 73, "fields": {"user": 1, "message": "Inventory level for component 3 is below the reorder level.", "read": false, "timestamp": "2024-05-30T18:38:32.294Z"}}, {"model": "Notifications.notification", "pk": 74, "fields": {"user": 1, "message": "Inventory level for component 3 is below the reorder level.", "read": false, "timestamp": "2024-05-30T18:39:22.416Z"}}, {"model": "Notifications.notification", "pk": 75, "fields": {"user": 1, "message": "Inventory level for component 3 is below the reorder level.", "read": false, "timestamp": "2024-05-30T18:42:13.423Z"}}, {"model": "Notifications.notification", "pk": 76, "fields": {"user": 1, "message": "Inventory level for component 3 is below the reorder level.", "read": false, "timestamp": "2024-05-30T18:50:00.502Z"}}, {"model": "Notifications.notification", "pk": 77, "fields": {"user": 1, "message": "Inventory level for component 3 is below the reorder level.", "read": false, "timestamp": "2024-05-31T11:34:00.437Z"}}, {"model": "Notifications.notification", "pk": 78, "fields": {"user": 1, "message": "Inventory level for component 3 is below the reorder level.", "read": false, "timestamp": "2024-05-31T11:34:16.232Z"}}, {"model": "Notifications.notification", "pk": 79, "fields": {"user": 1, "message": "Inventory level for component 3 is below the reorder level.", "read": false, "timestamp": "2024-05-31T11:35:42.037Z"}}, {"model": "Notifications.notification", "pk": 80, "fields": {"user": 1, "message": "Inventory level for component 3 is below the reorder level.", "read": false, "timestamp": "2024-05-31T11:35:54.658Z"}}, {"model": "Notifications.notification", "pk": 81, "fields": {"user": 1, "message": "Inventory level for component 3 is below the reorder level.", "read": false, "timestamp": "2024-05-31T11:36:02.634Z"}}, {"model": "Notifications.notification", "pk": 82, "fields": {"user": 1, "message": "Inventory level for component 3 is below the reorder level.", "read": false, "timestamp": "2024-05-31T14:51:26.861Z"}}, {"model": "Notifications.notification", "pk": 83, "fields": {"user": 1, "message": "Inventory level for component 3 is below the reorder level.", "read": false, "timestamp": "2024-05-31T14:51:31.265Z"}}, {"model": "Notifications.notification", "pk": 84, "fields": {"user": 1, "message": "Inventory level for component 3 is below the reorder level.", "read": false, "timestamp": "2024-05-31T14:56:37.944Z"}}, {"model": "Notifications.notification", "pk": 85, "fields": {"user": 1, "message": "Inventory level for component 3 is below the reorder level.", "read": false, "timestamp": "2024-05-31T15:01:31.771Z"}}, {"model": "Notifications.notification", "pk": 86, "fields": {"user": 1, "message": "Inventory level for component 3 is below the reorder level.", "read": false, "timestamp": "2024-05-31T15:02:02.204Z"}}, {"model": "Notifications.notification", "pk": 87, "fields": {"user": 1, "message": "Inventory level for component 3 is below the reorder level.", "read": false, "timestamp": "2024-05-31T15:25:43.987Z"}}, {"model": "Notifications.notification", "pk": 88, "fields": {"user": 1, "message": "Inventory level for component five is below the reorder level.", "read": false, "timestamp": "2024-05-31T17:50:51.599Z"}}, {"model": "Notifications.notification", "pk": 89, "fields": {"user": 1, "message": "Inventory level for Lothec is below the reorder level.", "read": false, "timestamp": "2024-05-31T17:53:33.176Z"}}, {"model": "Notifications.notification", "pk": 90, "fields": {"user": 1, "message": "Inventory level for Lothec is below the reorder level.", "read": false, "timestamp": "2024-05-31T18:03:39.258Z"}}, {"model": "Notifications.notification", "pk": 91, "fields": {"user": 1, "message": "Inventory level for component 47 is below the reorder level.", "read": false, "timestamp": "2024-06-01T06:08:14.096Z"}}, {"model": "Notifications.notification", "pk": 92, "fields": {"user": 1, "message": "Inventory level for component 47 is below the reorder level.", "read": false, "timestamp": "2024-06-01T06:08:26.673Z"}}, {"model": "Notifications.notification", "pk": 93, "fields": {"user": 1, "message": "Inventory level for component 47 is below the reorder level.", "read": false, "timestamp": "2024-06-01T06:08:35.902Z"}}, {"model": "Notifications.notification", "pk": 94, "fields": {"user": 1, "message": "Inventory level for component 3 is below the reorder level.", "read": false, "timestamp": "2024-06-01T13:54:38.482Z"}}, {"model": "Notifications.notification", "pk": 95, "fields": {"user": 1, "message": "Inventory level for component 3 is below the reorder level.", "read": false, "timestamp": "2024-06-01T13:55:34.713Z"}}, {"model": "Notifications.notification", "pk": 96, "fields": {"user": 1, "message": "Inventory level for component 3 is below the reorder level.", "read": false, "timestamp": "2024-06-01T13:55:42.300Z"}}, {"model": "Notifications.notification", "pk": 97, "fields": {"user": 1, "message": "Inventory level for component 3 is below the reorder level.", "read": false, "timestamp": "2024-06-01T16:36:31.617Z"}}, {"model": "Notifications.notification", "pk": 98, "fields": {"user": 1, "message": "Inventory level for component 1 is below the reorder level.", "read": false, "timestamp": "2024-06-02T07:43:44.043Z"}}, {"model": "Notifications.notification", "pk": 99, "fields": {"user": 1, "message": "Inventory level for component 1 is below the reorder level.", "read": false, "timestamp": "2024-06-02T07:44:06.469Z"}}, {"model": "Notifications.notification", "pk": 100, "fields": {"user": 1, "message": "Inventory level for component 1 is below the reorder level.", "read": false, "timestamp": "2024-06-02T07:45:03.748Z"}}, {"model": "Notifications.notification", "pk": 101, "fields": {"user": 1, "message": "Inventory level for component 1 is below the reorder level.", "read": false, "timestamp": "2024-06-02T10:07:01.089Z"}}, {"model": "Notifications.notification", "pk": 102, "fields": {"user": 1, "message": "Inventory level for component 1 is below the reorder level.", "read": false, "timestamp": "2024-06-02T10:07:19.978Z"}}, {"model": "Notifications.notification", "pk": 103, "fields": {"user": 1, "message": "Inventory level for component 1 is below the reorder level.", "read": false, "timestamp": "2024-06-03T07:06:31.553Z"}}]
